그라운드 드라이브,NPC_GROUNDDRIVE,
레인 오브 메테오,NPC_RAINOFMETEOR,
돌격 함성의 깃발,GD_CHARGESHOUT_FLAG,
돌격 함성의 울림,GD_CHARGESHOUT_BEATING,
긴급 이동,GD_EMERGENCY_MOVE,
데모닉 매스블리딩,NPC_WIDEBLEEDING2,
데모닉 매스사일런스,NPC_WIDESILENCE2,
데모닉 매스스턴,NPC_WIDESTUN2,
데모닉 매스스톤,NPC_WIDESTONE2,
데모닉 매스슬립,NPC_WIDESLEEP2,
데모닉 매스커스,NPC_WIDECURSE2,
데모닉 매스컨퓨즈,NPC_WIDECONFUSE2,
데모닉 매스프리즈,NPC_WIDEFREEZE2,
데모닉 이블랜드,NPC_EVILLAND2,
데모닉 헬 저지먼트,NPC_HELLJUDGEMENT2,
올스텟 다운,NPC_ALL_STAT_DOWN,
중력 증가,NPC_GRADUAL_GRAVITY,
회복 전환,NPC_DAMAGE_HEAL,
이뮨 엘리멘탈,NPC_IMMUNE_PROPERTY,
위치 변경,NPC_MOVE_COORDINATE,
광역 죽음의 손아귀,NPC_WIDELEASH,
죽음의 손아귀,NPC_LEASH,
디펜더,NPC_DEFENDER,
애로우 스톰,NPC_ARROWSTORM,
할루시네이션 워크,NPC_HALLUCINATIONWALK,
일렉트릭워크,NPC_ELECTRICWALK,
파이어 워크,NPC_FIREWALK,
밀레니엄 쉴드,NPC_MILLENNIUMSHIELD,
이그니션 브레이크,NPC_IGNITIONBREAK,
하울링 오브 만드라고라,NPC_MANDRAGORA,
페이탈 메나스,NPC_FATALMENACE,
주박진,NPC_SR_CURSEDCIRCLE,
프로스트 피어싱,NPC_JACKFROST,
독안개,NPC_VENOMFOG,
석양의 어쌔신 크로스,NPC_ASSASSINCROSS,
플레임 크로스,NPC_FLAMECROSS,
얼음 지뢰,NPC_ICEMINE,
불협화음,NPC_DISSONANCE,
막춤,NPC_UGLYDANCE,
광역 공포,NPC_WIDEHEALTHFEAR,
광역 깊은잠,NPC_WIDE_DEEP_SLEEP,
광역 매혹,NPC_WIDESIREN,
광역 발화,NPC_WIDEBODYBURNNING,
광역 빙결,NPC_WIDEFROSTMISTY,
광역 냉동,NPC_WIDECOLD,
클라우드 킬,NPC_CLOUD_KILL,
레이 오브 제네시스,NPC_RAYOFGENESIS,
사이킥 웨이브,NPC_PSYCHIC_WAVE,
용암 분출,NPC_MAGMA_ERUPTION,
유성우,NPC_COMET,
맥스 페인,NPC_MAXPAIN,
광역 스파이더 웹,NPC_WIDEWEB,
광역 사이트,NPC_WIDESIGHT,
광역 흡혈,NPC_WIDESUCK,
스톰 가스트,NPC_STORMGUST2,
화염 폭풍,NPC_FIRESTORM,
드래곤 브레스,NPC_DRAGONBREATH,
윈드 워크,SN_WINDWALK,
루아흐,AL_RUWACH,
멜트다운,WS_MELTDOWN,
동전제조,WS_CREATECOIN,
마나의 축복,MER_MAGNIFICAT,
괴(塊) 제조,WS_CREATENUGGET,
카트 부스트,WS_CARTBOOST,
자동공격장치 제작,WS_SYSTEMCREATE,
체이스 워크,ST_CHASEWALK,
소드 리젝트,ST_REJECTSWORD,
배낭 털기,ST_STEALBACKPACK,
히터,EL_HEATER,
알케미,CR_ALCHEMY,
포션 시놉시스,CR_SYNTHESISPOTION,
애로우 발칸,CG_ARROWVULCAN,
달빛 물레방앗간에 떨어지는 꽃잎,CG_MOONLIT,
마리오네트 컨트롤,CG_MARIONETTE,
스파이럴 피어스,LK_SPIRALPIERCE,
헤드 크러쉬,LK_HEADCRUSH,
조인트 비트,LK_JOINTBEAT,
흐뉴마,AL_PNEUMA,
네이팜 발칸,HW_NAPALMVULCAN,
광축기(狂蓄氣),CH_SOULCOLLECT,
마인드 브레이커,PF_MINDBREAKER,
메모라이즈,PF_MEMORIZE,
월 오브 포그,PF_FOGWALL,
스파이더 웹,PF_SPIDERWEB,
메테오 어절트,ASC_METEORASSAULT,
치명적인 독 생산,ASC_CDP,
엄마 아빠 사랑해요,WE_BABY,
엄마 아빠 보고싶어요,WE_CALLPARENT,
아가야 이리오렴,WE_CALLBABY,
달리기,TK_RUN,
회오리 준비,TK_READYSTORM,
회오리차기,TK_STORMKICK,
찍기 준비,TK_READYDOWN,
내려찍기,TK_DOWNKICK,
텔레포테이션,AL_TELEPORT,
차기 준비,TK_READYTURN,
돌려차기,TK_TURNKICK,
카운터 준비,TK_READYCOUNTER,
카운터차기,TK_COUNTER,
낙법,TK_DODGE,
날라차기,TK_JUMPKICK,
편안한 휴식,TK_HPTIME,
즐거운 휴식,TK_SPTIME,
화이팅,TK_POWER,
따듯한 바람,TK_SEVENWIND,
높이뛰기,TK_HIGHJUMP,
태양과 달과 별의 느낌,SG_FEEL,
태양의 따스함,SG_SUN_WARM,
달의 따스함,SG_MOON_WARM,
별의 따스함,SG_STAR_WARM,
태양의 안락함,SG_SUN_COMFORT,
워프 포탈,AL_WARP,
달의 안락함,SG_MOON_COMFORT,
별의 안락함,SG_STAR_COMFORT,
태양과 달과 별의 증오,SG_HATE,
태양의 분노,SG_SUN_ANGER,
달의 분노,SG_MOON_ANGER,
별의 분노,SG_STAR_ANGER,
태양의 축복,SG_SUN_BLESS,
달의 축복,SG_MOON_BLESS,
별의 축복,SG_STAR_BLESS,
태양과 달과 별의 악마,SG_DEVIL,
영구적인 발전,GD_DEVELOPMENT,
태양과 달과 별의 친구,SG_FRIEND,
태양과 달과 별의 지식,SG_KNOWLEDGE,
태양과 달과 별의 융합,SG_FUSION,
알케미스트의 영혼,SL_ALCHEMIST,
버서크 피쳐,AM_BERSERKPITCHER,
몽크의 영혼,SL_MONK,
힐,AL_HEAL,
권성의 영혼,SL_STAR,
세이지의 영혼,SL_SAGE,
웨폰 퀴큰,MER_QUICKEN,
크루세이더의 영혼,SL_CRUSADER,
슈퍼노비스의 영혼,SL_SUPERNOVICE,
기사의 영혼,SL_KNIGHT,
위저드의 영혼,SL_WIZARD,
프리스트의 영혼,SL_PRIEST,
바드와 댄서의 영혼,SL_BARDDANCER,
트로픽,EL_TROPIC,
로그의 영혼,SL_ROGUE,
어쌔신의 영혼,SL_ASSASIN,
블랙스미스의 영혼,SL_BLACKSMITH,
풀 아드레날린 러쉬,BS_ADRENALINE2,
헌터의 영혼,SL_HUNTER,
소울링커의 영혼,SL_SOULLINKER,
카이젤,SL_KAIZEL,
카아히,SL_KAAHI,
민첩성 증가,AL_INCAGI,
카우프,SL_KAUPE,
카이트,SL_KAITE,
카이나,SL_KAINA,
에스틴,SL_STIN,
에스턴,SL_STUN,
에스마,SL_SMA,
에스우,SL_SWOO,
에스크,SL_SKE,
에스카,SL_SKA,
프리저브,ST_PRESERVE,
풀 스트립,ST_FULLSTRIP,
무기제련,WS_WEAPONREFINE,
슬림 피쳐,CR_SLIMPITCHER,
풀 케미칼 프로텍션,CR_FULLPROTECTION,
민첩성 감소,AL_DECAGI,
쉴드체인,PA_SHIELDCHAIN,
마나 리차지,HP_MANARECHARGE,
더블 캐스팅,PF_DOUBLECASTING,
간반테인,HW_GANBANTEIN,
그라비테이션 필드,HW_GRAVITATION,
카트 터미네이션,WS_CARTTERMINATION,
오버트러스트 맥스,WS_OVERTHRUSTMAX,
전문 음악인의 노련함,SKID_CG_SPECIALSINGER,
헤르모드의 지팡이,CG_HERMODE,
운명의 타로 카드,CG_TAROTCARD,
애시드 데몬스트레이션,CR_ACIDDEMONSTRATION,
식물 재배,CR_CULTIVATION,
태권 미션,TK_MISSION,
일차상위직의 영혼,SL_HIGH,
원핸드 퀴큰,KN_ONEHAND,
아쿠아 베네딕타,AL_HOLYWATER,
트와이라이트 파머시,AM_TWILIGHT1,
트와이라이트 파머시,AM_TWILIGHT2,
트와이라이트 파머시,AM_TWILIGHT3,
비스트 스트레이핑,HT_POWER,
엔첸트 블레이드,RK_ENCHANTBLADE,
윈드 커터,RK_WINDCUTTER,
드래곤 하울링,RK_DRAGONHOWLING,
리프레쉬,RK_REFRESH,
스톰 블래스트,RK_STORMBLAST,
베놈 임프레스,GC_VENOMIMPRESS,
새로운 독 제조,GC_CREATENEWPOISON,
카운터 슬래쉬,GC_COUNTERSLASH,
클로킹 익시드,GC_CLOAKINGEXCEED,
크로스 리퍼 슬래셔,GC_CROSSRIPPERSLASHER,
크레멘티아,AB_CLEMENTIA,
한손검 수련,SM_SWORD,
시그넘 크루시스,AL_CRUCIS,
비도 수련,NJ_TOBIDOUGU,
수리검 던지기,NJ_SYURIKEN,
쿠나이 던지기,NJ_KUNAI,
풍마수리검 던지기,NJ_HUUMA,
돈 던지기,NJ_ZENYNAGE,
안젤루스,AL_ANGELUS,
안개 베기,NJ_KASUMIKIRI,
그림자 도약,NJ_SHADOWJUMP,
그림자 베기,NJ_KIRIKAGE,
매미허물 벗기,NJ_UTSUSEMI,
환영분신,NJ_BUNSINJYUTSU,
인법 수련,NJ_NINPOU,
홍염화(紅炎華),NJ_KOUENKA,
화염진(火炎陣),NJ_KAENSIN,
폭염룡(爆炎龍),NJ_BAKUENRYU,
빙섬창(氷閃槍),NJ_HYOUSENSOU,"},"
수둔(水遁),NJ_SUITON,
빙정락(氷晶落),NJ_HYOUSYOURAKU,
풍인(風刃),NJ_HUUJIN,
뇌격쇄(雷擊碎),NJ_RAIGEKISAI,
삭풍(朔風),NJ_KAMAITACHI,
블레싱,AL_BLESSING,
일섬,NJ_ISSEN,
무낙 화이팅,MB_FIGHTING,
본건 뉴트럴,MB_NEUTRAL,
펫 프렌드,MB_TAIMING_PUTI,
하얀포션 심부름,MB_WHITEPOTION,
정신적인 심부름,MB_MENTAL,
카드 피쳐,MB_CARDPITCHER,
펫 피쳐,MB_PETPITCHER,
보디 스터딩,MB_BODYSTUDY,
보디 얼터링,MB_BODYALTER,
펫 메모리,MB_PETMEMORY,
무낙 텔레포트,MB_M_TELEPORT,
본건 게인,MB_B_GAIN,
무낙 게인,MB_M_GAIN,
테이밍 미션,MB_MISSION,
큐어,AL_CURE,
무낙 볼,MB_MUNAKBALL,
본건 스크롤,MB_SCROLL,
본건 게더링,MB_B_GATHERING,
무낙 게더링,MB_M_GATHERING,
본건 익스클루드,MB_B_EXCLUDE,
본건 드리프트,MB_B_DRIFT,
본건 월러쉬,MB_B_WALLRUSH,
무낙 월러쉬,MB_M_WALLRUSH,
본건 월쉬프트,MB_B_WALLSHIFT,
무낙 월크래쉬,MB_M_WALLCRASH,
무낙 리엔카네이션,MB_M_REINCARNATION,
본건 얼마이티,MB_B_EQUIP,
데스나이트의 영혼,SL_DEATHKNIGHT,
다크콜렉터의 영혼,SL_COLLECTOR,
닌자의 영혼,SL_NINJA,
소지한계량 증가,MC_INCCARRY,
트와이라이트 파머시,AM_TWILIGHT4,
버서카이저,DE_BERSERKAIZER,
다크 소울파워,DA_DARKPOWER,
Death 패시브,DE_PASSIVE,
Death 어택 패시브,DE_PATTACK,
Death 스피드 패시브,DE_PSPEED,
Death 디펜스 패시브,DE_PDEFENSE,
Death 크리티칼 패시브,DE_PCRITICAL,
Death 회복 패시브,DE_PHP,
Death 마력 패시브,DE_PSP,
Death 옵티마이즈,DE_RESET,
Death 랭킹 패시브,DE_RANKING,
Death 트리플 패시브,DE_PTRIPLE,
데스 에너지,DE_ENERGY,
디스카운트,MC_DISCOUNT,
데스 슬래쉬,DE_SLASH,
데스 코일,DE_COIL,
데스 웨이브,DE_WAVE,
데스 리버스 에너지,DE_REBIRTH,
데스 오오라,DE_AURA,
데스 프리져,DE_FREEZER,
데스 체인지 어택,DE_CHANGEATTACK,
데스 퍼니쉬,DE_PUNISH,
데스 포이즌 슬래쉬,DE_POISON,
데스 인스턴트 배리어,DE_INSTANT,
데스 워닝,DE_WARNING,
데스 나이프,DE_RANKEDKNIFE,
데스 그라디우스,DE_RANKEDGRADIUS,
마이티 게이지,DE_GAUGE,
마이티 타임 차지,DE_GTIME,
오버챠지,MC_OVERCHARGE,
마이티 스킬 차지,DE_GSKILL,
마이티 킬 차지,DE_GKILL,
데드 액셀,DE_ACCEL,
데드 더블 블러킹,DE_BLOCKDOUBLE,
데드 니어 블러킹,DE_BLOCKMELEE,
데드 디스턴스 블러킹,DE_BLOCKFAR,
데드 러쉬 어택,DE_FRONTATTACK,
데드져러스 어택,DE_DANGERATTACK,
데드 트윈 어택,DE_TWINATTACK,
데드 스톰 어택,DE_WINDATTACK,
데드 워터 어택,DE_WATERATTACK,
다크 에너지,DA_ENERGY,
다크 클라우드,DA_CLOUD,
다크 퍼스트판타지,DA_FIRSTSLOT,
다크 헤드디펜스,DA_HEADDEF,
푸쉬카트,MC_PUSHCART,
다크 트랜스폼,DA_TRANSFORM,
다크 익스플로젼,DA_EXPLOSION,
다크 리워드,DA_REWARD,
다크 크러쉬,DA_CRUSH,
다크 아이템 리빌드,DA_ITEMREBUILD,
다크 일루션,DA_ILLUSION,
다크 뉴트럴라이즈,DA_NUETRALIZE,
다크 러너,DA_RUNNER,
다크 트랜스퍼,DA_TRANSFER,
다크 월,DA_WALL,
엘 디카스테스로의 귀환,RETURN_TO_ELDICASTES,
죽은 자들의 세계로!,ALL_NIFLHEIM_RECALL,
다크 리벤지,DA_REVENGE,
다크 이어플러그,DA_EARPLUG,
블랙 젬스톤 콘트렉트,DA_CONTRACT,
블랙 젬스톤 매직,DA_BLACK,
아이템 감정,MC_IDENTIFY,
콜렉터 매직카트,DA_MAGICCART,
콜렉터 카피,DA_COPY,
콜렉터 크리스탈,DA_CRYSTAL,
콜렉터 경험치,DA_EXP,
콜렉터 매지컬 카트 스윙,DA_CARTSWING,
콜렉터 휴먼 리빌드,DA_REBUILD,
콜렉터 노비스 잡체인지,DA_JOBCHANGE,
콜렉터 엠펠리움 다크니스,DA_EDARKNESS,
콜렉터 엠펠리움 가디언,DA_EGUARDIAN,
콜렉터 타임아웃,DA_TIMEOUT,
타임인,ALL_TIMEIN,
콜렉터 랭킹,DA_ZENYRANK,
콜렉터 믹스,DA_ACCESSORYMIX,
어스퀘이크,NPC_EARTHQUAKE,
어스퀘이크,NPC_EARTHQUAKE_K,
서클 오브 파이어,EL_CIRCLE_OF_FIRE,
노점개설,MC_VENDING,
타이달 웨폰,EL_TIDAL_WEAPON,
드래곤 피어,NPC_DRAGONFEAR,
펄스 스트라이크,NPC_PULSESTRIKE2,
펄스 스트라이크,NPC_PULSESTRIKE,
헬 저지먼트,NPC_HELLJUDGEMENT,
메스 사일런스,NPC_WIDESILENCE,
메스 프리징,NPC_WIDEFREEZE,
메스 블리딩,NPC_WIDEBLEEDING,
메스 스톤커스,NPC_WIDESTONE,
메스 컨퓨젼,NPC_WIDECONFUSE,
메스 슬립,NPC_WIDESLEEP,"},"
이블 랜드,NPC_EVILLAND,
매머나이트,MC_MAMMONITE,
슬로우 캐스트,NPC_SLOWCAST,
치명적인 상처,NPC_CRITICALWOUND,
스톤 스킨,NPC_STONESKIN,
안티 매직,NPC_ANTIMAGIC,
메스 커즈,NPC_WIDECURSE,
메스 스턴,NPC_WIDESTUN,
뱀파이어릭 터치,NPC_VAMPIRE_GIFT,
마나 번,NPC_WIDESOULDRAIN,
소지량 증가R,ALL_INCCARRY,
헬의 권능,NPC_HELLPOWER,
올빼미의 눈,AC_OWL,
잘자라 우리아가,GM_SANDMAN,
괴수의 울부짖음,ALL_CATCRY,
불어라 꽃바람,ALL_PARTYFLEE,
당신에게 감사해요,ALL_ANGEL_PROTECT,
한 여름 밤의 꿈,ALL_DREAM_SUMMERNIGHT,
리버스 오키쉬,ALL_REVERSEORCISH,
홀리 나이트,ALL_WEWISH,
독수리의 눈,AC_VULTURE,
집중력 향상,AC_CONCENTRATION,
더블 스트레이핑,AC_DOUBLE,
치유의 손길(힐),HLIF_HEAL,
문라이트,HFLI_MOON,
제노 슬래셔,MH_XENO_SLASHER,
슈테인반트 : 바위 벽,MH_STEINWAND,
라바 슬라이드,MH_LAVA_SLIDE,
애로우 샤워,AC_SHOWER,
카프라와의 계약,GD_KAFRACONTRACT,
양손검 수련,SM_TWOHAND,
더블 어택,TF_DOUBLE,
랜드마인,MA_LANDMINE,"},"
리게인,MER_REGAIN,
파이어 클록,EL_FIRE_CLOAK,
회피율 증가,TF_MISS,
윈드 슬래쉬,EL_WIND_SLASH,
스틸,TF_STEAL,
하이딩,TF_HIDING,
인베넘,TF_POISON,
해독,TF_DETOXIFY,
리저렉션,ALL_RESURRECTION,
창 수련,KN_SPEARMASTERY,
가디언 리서치,GD_GUARDRESEARCH,
피어스,KN_PIERCE,
샌드맨,MA_SANDMAN,
텐더,MER_TENDER,
파이어 맨틀,EL_FIRE_MANTLE,
브랜디쉬 스피어,KN_BRANDISHSPEAR,
허리케인 레이지,EL_HURRICANE,
스피어 스탭,KN_SPEARSTAB,
스피어 부메랑,KN_SPEARBOOMERANG,
투핸드 퀴큰,KN_TWOHANDQUICKEN,
오토 카운터,KN_AUTOCOUNTER,
볼링 배쉬,KN_BOWLINGBASH,
챠지 어택,KN_CHARGEATK,
슈링크,CR_SHRINK,
소닉 액셀레이션,AS_SONICACCEL,
베넘 나이프,AS_VENOMKNIFE,
클로즈 컨파인,RG_CLOSECONFINE,
사이트 블래스터,WZ_SIGHTBLASTER,
판타즈믹 애로우,HT_PHANTASMIC,
팽 보이스,BA_PANGVOICE,
매혹의 윙크,DC_WINKCHARM,
수상쩍은 상술,BS_UNFAIRLYTRICK,
레뎀프티오,PR_REDEMPTIO,
발경(發勁),MO_BALKYOUNG,
라이딩,KN_RIDING,
탐욕,BS_GREED,
진기주입(振氣注入),MO_KITRANSLATION,
엘레멘탈 체인지 (지),SA_ELEMENTGROUND,
엘레멘탈 체인지 (화),SA_ELEMENTFIRE,
엘레멘탈 체인지 (풍),SA_ELEMENTWIND,
엘레멘탈 체인지 (수),SA_ELEMENTWATER,
HP회복력 향상,SM_RECOVERY,
기병 수련,KN_CAVALIERMASTERY,
하이네스 힐,AB_HIGHNESSHEAL,
듀플레 라이트,AB_DUPLELIGHT_MELEE,
베네딕션,MER_BENEDICTION,
메이스 수련,PR_MACEMASTERY,
워터 스크린,EL_WATER_SCREEN,
임포시티오 마누스,PR_IMPOSITIO,
허리케인 레이지,EL_HURRICANE_ATK,
수프라기움,PR_SUFFRAGIUM,
아스페르시오,PR_ASPERSIO,
성체강복,PR_BENEDICTIO,
시에나 엑서크레이트,WL_SIENNAEXECRATE,
크림즌 록,WL_CRIMSONROCK,
서몬 볼 라이트닝,WL_SUMMONBL,
리딩 스펠북,WL_READING_SB,
리딩 스펠북,WL_READING_SB_READING,
생츄어리,PR_SANCTUARY,
클러스터 봄,RA_CLUSTERBOMB,
워그 스트라이크,RA_WUGSTRIKE,
카무플라쥬,RA_CAMOUFLAGE,
메이즈 트랩,RA_MAIZETRAP,
마도 기어 라이센스,NC_MADOLICENCE,
플레어 런처,NC_FLAMELAUNCHER,
호버링,NC_HOVERING,
슬로우 포이즌,PR_SLOWPOISON,
애널라이즈,NC_ANALYZE,"},"
리페어,NC_REPAIR,
파워 스윙,NC_POWERSWING,
FAW 해제,NC_DISJOINT,
섀도우 폼,SC_SHADOWFORM,
데들리 인펙트,SC_DEADLYINFECT,
마스커레이드-레이지네스,SC_LAZINESS,
리커버리,PR_STRECOVERY,
블러디 러스트,SC_BLOODYLUST,
캐논 스피어,LG_CANNONSPEAR,
리플렉트 데미지 리덕션,LG_REFLECTDAMAGE,
쉴드 스펠,LG_SHIELDSPELL,
밴딩,LG_BANDING,
어스 드라이브,LG_EARTHDRIVE,
기리에 엘레이손,PR_KYRIE,
연인들을 위한 심포니,WA_SYMPHONY_OF_LOVER,
마니피캇,PR_MAGNIFICAT,
하모나이즈,MI_HARMONIZE,
글로리아,PR_GLORIA,
나락의 노래,WM_POEMOFNETHERWORLD,
순환하는 자연의 소리,WM_SIRCLEOFNATURE,
렉스 디비나,PR_LEXDIVINA,
레라드의 이슬,WM_LERADS_DEW,
파이어 워크,SO_FIREWALK,
다이아몬드 더스트,SO_DIAMONDDUST,
스트라이킹,SO_STRIKING,
아를로,SO_ARRULLO,
턴 언데드,PR_TURNUNDEAD,
정령 교감,SO_EL_SYMPATHY,
윈드 인시그니아,SO_WIND_INSIGNIA,
카트개조,GN_REMODELING_CART,
가시나무 덫,GN_THORNS_TRAP,
크레이지 위드,GN_CRAZYWEED,
렉스 에테르나,PR_LEXAETERNA,
믹스 쿠킹,GN_MIX_COOKING,
조합체계 확장,GD_EXTENSION,
세크라멘트,AB_SECRAMENT,
마그누스 엑소르시스무스,PR_MAGNUS,
구매노점 개설 (BUYING STORE),ALL_BUYING_STORE,
배쉬,SM_BASH,"},"
화이어 필라,WZ_FIREPILLAR,
리무브 트랩,MA_REMOVETRAP,"},"
리큐퍼레이트,MER_RECUPERATE,
사이트래셔,WZ_SIGHTRASHER,
워터 드롭,EL_WATER_DROP,
화이어 아이비,WZ_FIREIVY,
타이푼 미사일,EL_TYPOON_MIS,
메테오 스톰,WZ_METEOR,
유피텔 선더,WZ_JUPITEL,
로드 오브 버밀리온,WZ_VERMILION,
워터볼,WZ_WATERBALL,
아이스월,WZ_ICEWALL,
프로스트 노바,WZ_FROSTNOVA,
스톰 가스트,WZ_STORMGUST,
어스 스파이크,WZ_EARTHSPIKE,
헤븐즈 드라이브,WZ_HEAVENDRIVE,
콰그마이어,WZ_QUAGMIRE,
몬스터 정보,WZ_ESTIMATION,
뇌수술,HLIF_BRAIN,
오버드 스피드,HFLI_SPEED,
니들 오브 패럴라이즈,MH_NEEDLE_OF_PARALYZE,
스타일 체인지,MH_STYLE_CHANGE,
안그리프 모더스 : 전투 태세,MH_ANGRIFFS_MODUS,
볼캐닉 애쉬,MH_VOLCANIC_ASH,
철 제조,BS_IRON,
길드의 영광,GD_GLORYGUILD,
강철 제조,BS_STEEL,
프로보크,SM_PROVOKE,
속성석 제조,BS_ENCHANTEDSTONE,
차지 애로우,MA_CHARGEARROW,
멘탈 큐어,MER_MENTALCURE,
오리데오콘 연구,BS_ORIDEOCON,
워터 배리어,EL_WATER_BARRIER,
단검 제작,BS_DAGGER,
타이푼 미사일,EL_TYPOON_MIS_ATK,
검 제작,BS_SWORD,
양손검 제작,BS_TWOHANDSWORD,
도끼 제작,BS_AXE,
메이스 제작,BS_MACE,
너클 제작,BS_KNUCKLE,
창 제작,BS_SPEAR,
힐트 바인딩,BS_HILTBINDING,
광석발견,BS_FINDINGORE,
무기연구,BS_WEAPONRESEARCH,
무기 수리,BS_REPAIRWEAPON,
스킨 템퍼링,BS_SKINTEMPER,
해머폴,BS_HAMMERFALL,
위대한 지도력,GD_LEADERSHIP,
아드레날린 러쉬,BS_ADRENALINE,
매그넘 브레이크,SM_MAGNUM,
웨폰 퍼펙션,BS_WEAPONPERFECT,
샤프 슈팅,MA_SHARPSHOOTING,
컴프레스,MER_COMPRESS,
오버 트러스트,BS_OVERTHRUST,"},"
윈드 스텝,EL_WIND_STEP,
맥시마이즈 파워,BS_MAXIMIZE,
스톤 해머,EL_STONE_HAMMER,
스키드 트랩,HT_SKIDTRAP,
랜드 마인,HT_LANDMINE,
앵클스네어,HT_ANKLESNARE,
쇼크웨이브 트랩,HT_SHOCKWAVE,
샌드맨,HT_SANDMAN,
플래셔,HT_FLASHER,
프리징 트랩,HT_FREEZINGTRAP,
블래스트 마인,HT_BLASTMINE,
크레모어 트랩,HT_CLAYMORETRAP,
리무브 트랩,HT_REMOVETRAP,
토키 박스,HT_TALKIEBOX,
소닉 웨이브,RK_SONICWAVE,
헌드레드 스피어,RK_HUNDREDSPEAR,
이그니션 브레이크,RK_IGNITIONBREAK,
드래곤 브레스,RK_DRAGONBREATH,
룬 마스터리,RK_RUNEMASTERY,
크러쉬 스트라이크,RK_CRUSHSTRIKE,
비스트베인,HT_BEASTBANE,
바이탈리티 액티베이션,RK_VITALITYACTIVATION,
파이팅 스피릿,RK_FIGHTINGSPIRIT,
팬텀 스러스트,RK_PHANTOMTHRUST,
크로스 임팩트,GC_CROSSIMPACT,
새로운 독 연구,GC_RESEARCHNEWPOISON,
안티 도트,GC_ANTIDOTE,
웨폰 블로킹,GC_WEAPONBLOCKING,
팔콘리 마스터리,HT_FALCON,
포이즌 스모크,GC_POISONSMOKE,
팬텀 메나스,GC_PHANTOMMENACE,
롤링 커터,GC_ROLLINGCUTTER,
쥬덱스,AB_JUDEX,
아도라무스,AB_ADORAMUS,
칸토캔디두스,AB_CANTO,
인듀어,SM_ENDURE,
스틸 크로,HT_STEELCROW,
비투페라툼,AB_VITUPERATUM,
콘베니오,AB_CONVENIO,
라우다라무스,AB_LAUDARAMUS,
클리어런스,AB_CLEARANCE,
듀플레 라이트,AB_DUPLELIGHT_MAGIC,
블릿츠 비트,HT_BLITZBEAT,
디텍팅,HT_DETECTING,
스프링 트랩,HT_SPRINGTRAP,
윈드 커튼,EL_WIND_CURTAIN,
오른손 수련,AS_RIGHT,
록 크러셔,EL_ROCK_CRUSHER,
왼손 수련,AS_LEFT,
카타르 수련,AS_KATAR,
클로킹,AS_CLOAKING,
소닉 블로우,AS_SONICBLOW,
그림투스,AS_GRIMTOOTH,
인챈트 포이즌,AS_ENCHANTPOISON,
라디어스,WL_RADIUS,
헬 인페르노,WL_HELLINFERNO,
어스 스트레인,WL_EARTHSTRAIN,
포이즌 리액트,AS_POISONREACT,
서몬 워터볼,WL_SUMMONWB,
프리징 스펠,WL_FREEZE_SP,
베넘 더스트,AS_VENOMDUST,
워그마스터리,RA_WUGMASTERY,
워그 바이트,RA_WUGBITE,
트랩연구,RA_RESEARCHTRAP,
베넘 스플래셔,AS_SPLASHER,
부스트 너클,NC_BOOSTKNUCKLE,
콜드 슬로어,NC_COLDSLOWER,
프론트 사이트 슬라이드,NC_F_SIDESLIDE,
응급 치료,NV_FIRSTAID,
마그네틱 필드,NC_MAGNETICFIELD,
도끼 수련,NC_TRAININGAXE,
액스 토네이도,NC_AXETORNADO,
죽은척하기,NV_TRICKDEAD,
트라이앵글 샷,SC_TRIANGLESHOT,
마스커레이드-이너베이션,SC_ENERVATION,
SP회복력 향상,MG_SRECOVERY,
이동시 HP 회복,SM_MOVINGRECOVERY,
페인트 봄,SC_FEINTBOMB,
배니싱 포인트,LG_BANISHINGPOINT,
핀 포인트 어택,LG_PINPOINTATTACK,
급소치기,SM_FATALBLOW,
문 슬래셔,LG_MOONSLASHER,
헤스페루스 리트,LG_HESPERUSLIT,
오토 버서크,SM_AUTOBERSERK,
화살 만들기,AC_MAKINGARROW,
달빛의 세레나데,WA_MOONLIT_SERENADE,
챠지 애로우,AC_CHARGEARROW,
모래 뿌리기,TF_SPRINKLESAND,
백 슬라이딩,TF_BACKSLIDING,
돌 줍기,TF_PICKSTONE,
세이렌의 목소리,WM_VOICEOFSIREN,
불확정요소의 언어,WM_RANDOMIZESPELL,
돌 던지기,TF_THROWSTONE,
멜로디 오브 싱크,WM_MELODYOFSINK,
카트 레볼루션,MC_CARTREVOLUTION,
포이즌 버스터,SO_POISON_BUSTER,
워머,SO_WARMER,
정령 제어,SO_EL_CONTROL,
체인지 카트,MC_CHANGECART,
정령 치유,SO_EL_CURE,
어스 인시그니아,SO_EARTH_INSIGNIA,
고성방가,MC_LOUD,
블러드 서커,GN_BLOOD_SUCKER,
홀리 라이트,AL_HOLYLIGHT,
폭탄 제조,GN_MAKEBOMB,
냉정한 마음,GD_SOULCOLD,
에너지 코트,MG_ENERGYCOAT,
수호자의 부름,ALL_GUARDIAN_RECALL,
사이트,MG_SIGHT,
배쉬,MS_BASH,
브랜디쉬 스피어,ML_BRANDISH,
오토 버서크,MER_AUTOBERSERK,
제피르,EL_ZEPHYR,
파이어 애로우,EL_FIRE_ARROW,
록 크러셔,EL_ROCK_CRUSHER_ATK,
네이팜 비트,MG_NAPALMBEAT,
캐슬링,HAMI_CASTLE,
카프리스,HVAN_CAPRICE,
페인 킬러,MH_PAIN_KILLER,
실버베인 러쉬,MH_SILVERVEIN_RUSH,
C.B.C : 컨티뉴얼 브레이크 콤보,MH_CBC,
날카로운 시선,GD_HAWKEYES,
세이프티 월,MG_SAFETYWALL,
매그넘 브레이크,MS_MAGNUM,
스파이럴 피어스,ML_SPIRALPIERCE,
민첩성 감소,MER_DECAGI,
솔리드 스킨,EL_SOLID_SKIN,
파이어 봄,EL_FIRE_BOMB,
스톤 레인,EL_STONE_RAIN,
소울 스트라이크,MG_SOULSTRIKE,
스내쳐,RG_SNATCHER,
스틸 코인,RG_STEALCOIN,
백 스탭,RG_BACKSTAP,
터널 드라이브,RG_TUNNELDRIVE,
기습,RG_RAID,
스트립 웨폰,RG_STRIPWEAPON,
스트립 쉴드,RG_STRIPSHIELD,
스트립 아머,RG_STRIPARMOR,
스트립 헬름,RG_STRIPHELM,
인티머데이트,RG_INTIMIDATE,
그래피티,RG_GRAFFITI,
전투명령 하달,GD_BATTLEORDER,
플래그 그래피티,RG_FLAGGRAFFITI,
클리너,RG_CLEANER,
갱스터 파라다이스,RG_GANGSTER,
긴급호출,GD_ITEMEMERGENCYCALL,
콜드볼트,MG_COLDBOLT,
컴펄션 디스카운트,RG_COMPULSION,
마이티 페인 차지,DE_GPAIN,
볼링 배쉬,MS_BOWLINGBASH,
디펜더,ML_DEFENDER,
도작,RG_PLAGIARISM,
스트립 액세서리,SC_STRIPACCESSARY,
영광의 상처,GD_GLORYWOUNDS,
도끼 수련,AM_AXEMASTERY,
가디언 강화,GD_GUARDUP,
정식 길드 승인,GD_APPROVAL,
민첩성 증가,MER_INCAGI,
러닝 포션,AM_LEARNINGPOTION,
블레싱,MER_BLESSING,
기리에 엘레이손,MER_KYRIE,
스톤 쉴드,EL_STONE_SHIELD,
파머시,AM_PHARMACY,
몬스터 정보,MER_ESTIMATION,
렉스 디비나,MER_LEXDIVINA,
희생양,MER_SCAPEGOAT,
데몬스트레이션,AM_DEMONSTRATION,
프로보크,MER_PROVOKE,
크래쉬,MER_CRASH,
사이트,MER_SIGHT,
애시드 테러,AM_ACIDTERROR,
쉴드 프레스,LG_SHIELDPRESS,
오토 가드,ML_AUTOGUARD,
피어스,ML_PIERCE,
포션 피쳐,AM_POTIONPITCHER,
프리징 트랩,MA_FREEZINGTRAP,
스키드 트랩,MA_SKIDTRAP,
애로우 샤워,MA_SHOWER,
바이오 캐니벌라이즈,AM_CANNIBALIZE,
더블 스트레이핑,MA_DOUBLE,
버서크,MS_BERSERK,
리플렉트 쉴드,MS_REFLECTSHIELD,
스피어 마인,AM_SPHEREMINE,
패링,MS_PARRYING,
파이로 클래스틱,MH_PYROCLASTIC,
그래니틱 아머,MH_GRANITIC_ARMOR,
케미칼 프로텍션(웨폰),AM_CP_WEAPON,
마그마 플로우,MH_MAGMA_FLOW,
블래스트,EL_BLAST,
틴더 브레이커,MH_TINDER_BREAKER,
케미칼 프로텍션(쉴드),AM_CP_SHIELD,
하일리게 슈탕에 : 성스러운 창,MH_HEILIGE_STANGE,
골덴 페르제 : 황금의 뒤꿈치,MH_GOLDENE_FERSE,
라이프스트림,NPC_ALLHEAL,
케미칼 프로텍션(아머),AM_CP_ARMOR,
페트롤로지,EL_PETROLOGY,
소닉 크로우,MH_SONIC_CRAW,
사일런트 브리즈,MH_SILENT_BREEZE,
케미칼 프로텍션(헬름),AM_CP_HELM,
이레이져 커터,MH_ERASER_CUTTER,
오버드 부스트,MH_OVERED_BOOST,
재생의 빛,MH_LIGHT_OF_REGENE,
생명윤리,AM_BIOETHICS,
포이즌 미스트,MH_POISON_MIST,
서몬 레기온,MH_SUMMON_LEGION,
바이오 익스플로젼,HVAN_EXPLOSION,
생명공학 연구,AM_BIOTECHNOLOGY,
컨버터 제조,SA_CREATECON,
와일드 스톰,EL_WILD_STORM,
프로스트 다이버,MG_FROSTDIVER,
피조물 창조,AM_CREATECREATURE,
S.B.R.44,HFLI_SBR44,
플릿 무브,HFLI_FLEET,
블러드 러스트,HAMI_BLOODLUST,
컬터베이션,AM_CULTIVATION,
아다만티움 스킨,HAMI_SKIN,
커즈드 소일,EL_CURSED_SOIL,
멘탈 체인지,HLIF_CHANGE,
프레임 컨트롤,AM_FLAMECONTROL,
긴급회피,HLIF_AVOID,
오버 브랜드,LG_OVERBRAND,
오딘의 리콜,ALL_ODINS_RECALL,
콜 호문클루스,AM_CALLHOMUN,
안식,AM_REST,
체인지 매터리얼,GN_CHANGEMATERIAL,
슬링 아이템,GN_SLINGITEM,
하울링 오브 만드라고라,GN_MANDRAGORA,
드릴마스터,AM_DRILLMASTER,
헬즈 플랜트,GN_HELLS_PLANT,
파이어 익스펜션,GN_FIRE_EXPANSION,
데모닉 파이어,GN_DEMONIC_FIRE,
힐 호문클루스,AM_HEALHOMUN,
가시나무 벽,GN_WALLOFTHORN,
카트 부스트,GN_CARTBOOST,
리저렉션 호문클루스,AM_RESURRECTHOMUN,
카트 캐논,GN_CARTCANNON,
카트 토네이도,GN_CART_TORNADO,
검 수련,GN_TRAINING_SWORD,
믿음,CR_TRUST,
워터 스크류,EL_WATER_SCREW_ATK,
워터 스크류,EL_WATER_SCREW,
아이스,EL_ICE_NEEDLE,
오토 가드,CR_AUTOGUARD,
파이어 웨이브,EL_FIRE_WAVE_ATK,
파이어 웨이브,EL_FIRE_WAVE,
파이어 봄,EL_FIRE_BOMB_ATK,
쉴드 챠지,CR_SHIELDCHARGE,
업히벌,EL_UPHEAVAL,
디펜스,HAMI_DEFENCE,
카오틱 베네딕션,HVAN_CHAOTIC,
쉴드 부메랑,CR_SHIELDBOOMERANG,
미드나잇 프렌지,MH_MIDNIGHT_FRENZY,
E.Q.C : 이터널 퀵 콤보,MH_EQC,
거스트,EL_GUST,
리플렉트 쉴드,CR_REFLECTSHIELD,
칠리 에어,EL_CHILLY_AIR,
쿨러,EL_COOLER,
리제네레이션,GD_REGENERATION,
홀리 크로스,CR_HOLYCROSS,
클라우드 킬,SO_CLOUD_KILL,
아쿠아 플레이,EL_AQUAPLAY,
엘리멘탈 액션,SO_EL_ACTION,
그랜드 크로스,CR_GRANDCROSS,
워터 인시그니아,SO_WATER_INSIGNIA,
헌신,CR_DEVOTION,
서몬 아쿠아,SO_SUMMON_AQUA,
기본기능,NV_BASIC,
스톤 커스,MG_STONECURSE,
신의 뜻,CR_PROVIDENCE,
에우카리스티카,AB_EUCHARISTICA,
디펜더,CR_DEFENDER,
시렌치움,AB_SILENTIUM,
스피어 퀴큰,CR_SPEARQUICKEN,
서몬 테라,SO_SUMMON_TERA,
철사장(鐵沙掌),MO_IRONHAND,
서몬 벤투스,SO_SUMMON_VENTUS,
운기조식(運氣調息),MO_SPIRITSRECOVERY,
4원소 분석,SO_EL_ANALYSIS,
축기(畜氣),MO_CALLSPIRITS,
바레티르 스피어,SO_VARETYR_SPEAR,
흡기(吸氣),MO_ABSORBSPIRITS,
바큠 익스트림,SO_VACUUM_EXTREME,
육합권(六合拳),MO_TRIPLEATTACK,
파워 오브 가이아,EL_POWER_OF_GAIA,
궁신탄영(弓身彈影),MO_BODYRELOCATION,
이화접목(移花接木),MO_DODGE,
어스 그레이브,SO_EARTHGRAVE,
침투경(浸透勁),MO_INVESTIGATE,
스펠 피스트,SO_SPELLFIST,
탄지신통(彈指神通),MO_FINGEROFFENSIVE,
일렉트릭 워크,SO_ELECTRICWALK,
금강불괴(金剛不壞),MO_STEELBODY,
언리미티드 허밍 보이스,WM_UNLIMITED_HUMMING_VOICE,
진검백파도(眞劍百破道),MO_BLADESTOP,
스윙 댄스,WA_SWING_DANCE,
폭기(爆氣),MO_EXPLOSIONSPIRITS,
새터데이 나이트 피버,WM_SATURDAY_NIGHT_FEVER,
아수라 패황권(阿修羅覇凰拳),MO_EXTREMITYFIST,
화이어 볼,MG_FIREBALL,
연환전신장(連環全身掌),MO_CHAINCOMBO,
사운드 오브 디스트럭션,WM_SOUND_OF_DESTRUCTION,
맹룡과강(猛龍誇强),MO_COMBOFINISH,
워그와 함께 춤을,WM_DANCE_WITH_WUG,
어드밴스드 북,SA_ADVANCEDBOOK,
마나의 노래,WM_SONG_OF_MANA,
캐스트 캔슬,SA_CASTCANCEL,
화이트 임프리즌,WL_WHITEIMPRISON,
매직 로드,SA_MAGICROD,
스테이시스,WL_STASIS,
스펠 브레이커,SA_SPELLBREAKER,
테트라 볼텍스,WL_TETRAVORTEX,
프리 캐스트,SA_FREECAST,
그레이트 에코,WM_GREAT_ECHO,
오토 스펠,SA_AUTOSPELL,
애로우 스톰,RA_ARROWSTORM,
프레임 런처,SA_FLAMELAUNCHER,
워그라이더,RA_WUGRIDER,
프로스트 웨폰,SA_FROSTWEAPON,
마젠타 트랩,RA_MAGENTATRAP,
라이트닝 로더,SA_LIGHTNINGLOADER,
파일 벙커,NC_PILEBUNKER,
사이즈믹 웨폰,SA_SEISMICWEAPON,
백 사이트 슬라이드,NC_B_SIDESLIDE,
드래고놀로지,SA_DRAGONOLOGY,
뉴트럴 배리어,NC_NEUTRALBARRIER,
볼케이노,SA_VOLCANO,
FAW 실버 스나이퍼,NC_SILVERSNIPER,
델류즈,SA_DELUGE,
바디 페인팅,SC_BODYPAINT,
바이어런스 게일,SA_VIOLENTGALE,
화이어 월,MG_FIREWALL,
랜드 프로텍터,SA_LANDPROTECTOR,
수줍은 하루의 우울,WM_GLOOMYDAY,
디스펠,SA_DISPELL,
포스 오브 뱅가드,LG_FORCEOFVANGUARD,
아브라카다브라,SA_ABRACADABRA,
레이 오브 제네시스,LG_RAYOFGENESIS,
모노 셀,SA_MONOCELL,
클래스 체인지,SA_CLASSCHANGE,
서먼 몬스터,SA_SUMMONMONSTER,
리버스 오키쉬,SA_REVERSEORCISH,
안식의 자장가,WM_LULLABY_DEEPSLEEP,
사신,SA_DEATH,
사망의 골짜기에서,WM_DEADHILLHERE,
포츈,SA_FORTUNE,
서비어 레인스톰,WM_SEVERE_RAINSTORM,
테이밍 몬스터,SA_TAMINGMONSTER,
풍차를 향해 돌격,MI_RUSH_WINDMILL,
?,SA_QUESTION,
진동 잔향,WM_REVERBERATION,
그라비티,SA_GRAVITY,
메탈릭 사운드,WM_METALICSOUND,
레벨 업,SA_LEVELUP,}
레슨,WM_LESSON,
즉사,SA_INSTANTDEATH,
메아리의 노래,MI_ECHOSONG,
완전회복,SA_FULLRECOVERY,
도미니온 임펄스,WM_DOMINION_IMPULSE,
코마,SA_COMA,}
화이어 볼트,MG_FIREBOLT,
임기응변,BD_ADAPTATION,
비욘드 오브 워 크라이,WM_BEYOND_OF_WARCRY,
앵콜,BD_ENCORE,
자장가,BD_LULLABY,
사이킥 웨이브,SO_PSYCHIC_WAVE,
김서방 돈벌었네,BD_RICHMANKIM,
서몬 아그니,SO_SUMMON_AGNI,
영원의 혼돈,BD_ETERNALCHAOS,
파이어 인시그니아,SO_FIRE_INSIGNIA,
전장의 북소리,BD_DRUMBATTLEFIELD,
니벨룽겐의 반지,BD_RINGNIBELUNGEN,
스포어 익스플로젼,GN_SPORE_EXPLOSION,
울부짖는 로키,BD_ROKISWEIL,
심연속으로,BD_INTOABYSS,
스페셜 파머시,GN_S_PHARMACY,
불사신 지크프리드,BD_SIEGFRIED,"},"
리스토어,GD_RESTORE,
라그나로크,BD_RAGNAROK,
인스피레이션,LG_INSPIRATION,
악기다루기,BA_MUSICALLESSON,
파이어티,LG_PIETY,
뮤지컬 스트라이크,BA_MUSICALSTRIKE,
프레스티지,LG_PRESTIGE,
불협화음,BA_DISSONANCE,}
오딘의 힘,ALL_ODINS_POWER,
썰렁한 농담,BA_FROSTJOKE,
익시드 브레이크,LG_EXEEDBREAK,
휘파람,BA_WHISTLE,
라이트닝 볼트,MG_LIGHTNINGBOLT,
석양의 어쌔신 크로스,BA_ASSASSINCROSS,}
레이지 버스트 어택,LG_RAGEBURST,
브라기의 시,BA_POEMBRAGI,
헌신,ML_DEVOTION,
이둔의 사과,BA_APPLEIDUN,
트램플,LG_TRAMPLE,
춤연습,DC_DANCINGLESSON,"},"
마엘슈트롬,SC_MAELSTROM,
화살 감아 던지기,DC_THROWARROW,
카오스 패닉,SC_CHAOSPANIC,
막춤,DC_UGLYDANCE,
디멘션 도어,SC_DIMENSIONDOOR,
비명지르기,DC_SCREAM,
맨홀,SC_MANHOLE,
흥얼거림,DC_HUMMING,
파이로 테크닉,EL_PYROTECHNIC,
나를 잊지 말아요,DC_DONTFORGETME,
마스커레이드-위크니스,SC_WEAKNESS,
행운의 키스,DC_FORTUNEKISS,
마스커레이드-언럭키,SC_UNLUCKY,
당신을 위한 서비스,DC_SERVICEFORYOU,
마스커레이드-이그노어런스,SC_IGNORANCE,
마스커레이드-그루미,SC_GROOMY,
인비지빌리티,SC_INVISIBILITY,
오토 섀도우 스펠,SC_AUTOSHADOWSPELL,
리프로듀스,SC_REPRODUCE,
페이탈 메나스,SC_FATALMENACE,
FAW 매직 디코이,NC_MAGICDECOY,
당신만은 지킬게요,WE_MALE,
액스 부메랑,NC_AXEBOOMERANG,
당신을 위해서 희생할게요,WE_FEMALE,
선더스톰,MG_THUNDERSTORM,
당신이 보고싶어요,WE_CALLPARTNER,
불과 대지의 연구,NC_RESEARCHFE,
토마호크 던지기,ITM_TOMAHAWK,
스텔스 필드,NC_STEALTHFIELD,
인프라레드 스캔,NC_INFRAREDSCAN,
이머전시 쿨,NC_EMERGENCYCOOL,
셰이프 쉬프트,NC_SHAPESHIFT,
셀프 디스트럭션,NC_SELFDESTRUCTION,
메인 프레임 개조,NC_MAINFRAME,
액셀레이션,NC_ACCELERATION,
암즈 캐논,NC_ARMSCANNON,
발칸 암,NC_VULCANARM,
아이스바운드 트랩,RA_ICEBOUNDTRAP,
파이어링 트랩,RA_FIRINGTRAP,
버듀어 트랩,RA_VERDURETRAP,
코발트 트랩,RA_COBALTTRAP,
예민한 후각,RA_SENSITIVEKEEN,
투스 오브 워그,RA_TOOTHOFWUG,
워그 대쉬,RA_WUGDASH,
일렉트릭 쇼커,RA_ELECTRICSHOCKER,
디토네이터,RA_DETONATOR,
에임드 볼트,RA_AIMEDBOLT,
레인저메인,RA_RANGERMAIN,
피어브리즈,RA_FEARBREEZE,
릴리즈,WL_RELEASE,
서몬 스톤,WL_SUMMONSTONE,
서몬 파이어볼,WL_SUMMONFB,
체인 라이트닝,WL_CHAINLIGHTNING,
커미트,WL_COMET,
드레인 라이프,WL_DRAINLIFE,
리코그나이즈드 스펠,WL_RECOGNIZEDSPELL,
디바인 프로텍션,AL_DP,
마쉬 오브 어비스,WL_MARSHOFABYSS,
잭 프로스트,WL_JACKFROST,
프로스트 미스티,WL_FROSTMISTY,
소울 익스펜션,WL_SOULEXPANSION,
듀플레 라이트,AB_DUPLELIGHT,
엑스피아티오,AB_EXPIATIO,
오라 블레이드,LK_AURABLADE,
레노바티오,AB_RENOVATIO,
패링,LK_PARRYING,
라우다아그누스,AB_LAUDAAGNUS,