活躍治癒術,GM_AP_HEAL
風之步,SN_WINDWALK
光獵,AL_RUWACH
野蠻凶砍,WS_MELTDOWN
金錢鑄造,WS_CREATECOIN
莫納的祝福,MER_MAGNIFICAT
金屬塊製造,WS_CREATENUGGET
手推車加速,WS_CARTBOOST
攻擊塔製作,WS_SYSTEMCREATE
暗影追蹤,ST_CHASEWALK
霸王魂,ST_REJECTSWORD
背包偷竊,ST_STEALBACKPACK
急速升溫,EL_HEATER
融合試驗,CR_ALCHEMY
藥劑試驗,CR_SYNTHESISPOTION
奧義箭亂舞,CG_ARROWVULCAN
落花伴著月光下的水車小屋,CG_MOONLIT
傀儡師的把戲,CG_MARIONETTE
螺旋擊刺,LK_SPIRALPIERCE
傷害增壓,LK_HEADCRUSH
巧打,LK_JOINTBEAT
光之障壁,AL_PNEUMA
念力連擊,HW_NAPALMVULCAN
狂蓄氣,CH_SOULCOLLECT
精神撼動,PF_MINDBREAKER
速讀術,PF_MEMORIZE
薄霧牆,PF_FOGWALL
易燃之網,PF_SPIDERWEB
黑暗瞬間,ASC_METEORASSAULT
毒液製作,ASC_CDP
爸媽我愛您,WE_BABY
爸媽我想念您,WE_CALLPARENT
寶貝請來這裡,WE_CALLBABY
跑步,TK_RUN
迴旋準備,TK_READYSTORM
迴旋踢,TK_STORMKICK
砸踢準備,TK_READYDOWN
砸踢,TK_DOWNKICK
瞬間移動,AL_TELEPORT
踢準備,TK_READYTURN
轉身踢,TK_TURNKICK
還擊準備,TK_READYCOUNTER
還擊踢,TK_COUNTER
落法,TK_DODGE
飛腳踢,TK_JUMPKICK
平安的休息,TK_HPTIME
快樂的休息,TK_SPTIME
加油,TK_POWER
溫暖的風,TK_SEVENWIND
跳高,TK_HIGHJUMP
太陽和月亮和星星的感覺,SG_FEEL
太陽的溫暖,SG_SUN_WARM
月亮的溫暖,SG_MOON_WARM
星星的溫暖,SG_STAR_WARM
太陽的平安感,SG_SUN_COMFORT
傳送之陣,AL_WARP
月亮的平安感,SG_MOON_COMFORT
星星的平安感,SG_STAR_COMFORT
太陽和月亮和星星的憎惡,SG_HATE
太陽的憤怒,SG_SUN_ANGER
月亮的憤怒,SG_MOON_ANGER
星星的憤怒,SG_STAR_ANGER
太陽的祝福,SG_SUN_BLESS
月亮的祝福,SG_MOON_BLESS
星星的祝福,SG_STAR_BLESS
太陽和月亮和星星的惡魔,SG_DEVIL
永久的發展,GD_DEVELOPMENT
太陽和月亮和星星的朋友,SG_FRIEND
太陽和月亮和星星的知識,SG_KNOWLEDGE
太陽和月亮和星星的融合,SG_FUSION
鍊金術師的靈魂,SL_ALCHEMIST
菠色克投擲,AM_BERSERKPITCHER
武道家的靈魂,SL_MONK
治癒術,AL_HEAL
拳聖的靈魂,SL_STAR
賢者的靈魂,SL_SAGE
加速武器,MER_QUICKEN
十字軍的靈魂,SL_CRUSADER
超級初學者的靈魂,SL_SUPERNOVICE
騎士的靈魂,SL_KNIGHT
巫師的靈魂,SL_WIZARD
祭司的靈魂,SL_PRIEST
吟遊詩人和舞孃的靈魂,SL_BARDDANCER
灼熱地帶,EL_TROPIC
流氓的靈魂,SL_ROGUE
刺客的靈魂,SL_ASSASIN
鐵匠的靈魂,SL_BLACKSMITH
所有速度激發,BS_ADRENALINE2
獵人的靈魂,SL_HUNTER
悟靈士的靈魂,SL_SOULLINKER
凱易哲,SL_KAIZEL
凱阿希,SL_KAAHI
加速術,AL_INCAGI
凱誣僕,SL_KAUPE
凱易特,SL_KAITE
凱易娜,SL_KAINA
艾斯提,SL_STIN
艾斯敦,SL_STUN
艾斯麻,SL_SMA
艾斯誣,SL_SWOO
艾斯克,SL_SKE
艾斯卡,SL_SKA
自由保護,ST_PRESERVE
所有卸除,ST_FULLSTRIP
武器精練,WS_WEAPONREFINE
纖細藥水投擲,CR_SLIMPITCHER
所有化學武器保護,CR_FULLPROTECTION
緩速術,AL_DECAGI
連續盾擊,PA_SHIELDCHAIN
魔力減免,HP_MANARECHARGE
雙倍投擲,PF_DOUBLECASTING
咖般塔音,HW_GANBANTEIN
重力原野,HW_GRAVITATION
手推車終結技,WS_CARTTERMINATION
凶砍最大值,WS_OVERTHRUSTMAX
職人演奏家,SKID_CG_SPECIALSINGER
海羅默德的手杖,CG_HERMODE
命運的塔羅牌,CG_TAROTCARD
植物栽培,CR_CULTIVATION
太拳任務,TK_MISSION
一轉上等職業的靈魂,SL_HIGH
單手劍攻擊速度增加,KN_ONEHAND
天使之淚\,AL_HOLYWATER
寬廣配藥,AM_TWILIGHT1
寬廣配藥,AM_TWILIGHT2
寬廣配藥,AM_TWILIGHT3
動物猛擊,HT_POWER
裝滿硬幣,GS_GLITTERING
魔力劍,RK_ENCHANTBLADE
投擲硬幣,GS_FLING
三連攻擊,GS_TRIPLEACTION
龍之咆哮,RK_DRAGONHOWLING
公牛之眼,GS_BULLSEYE
恢復,RK_REFRESH
瘋狂凱斯樂,GS_MADNESSCANCEL
風暴衝擊,RK_STORMBLAST
終極閃躲,GS_ADJUSTMENT
毒耐性弱化,GC_VENOMIMPRESS
命中率遞增,GS_INCREASING
新毒製作,GC_CREATENEWPOISON
魔術彈,GS_MAGICALBULLET
反擊斬,GC_COUNTERSLASH
轟然巨響,GS_CRACKER
偽裝強化,GC_CLOAKINGEXCEED
單槍射擊,GS_SINGLEACTION
迴旋十字斬,GC_CROSSRIPPERSLASHER
瞄準之眼,GS_SNAKEEYE
慈悲術,AB_CLEMENTIA
單手劍使用熟練度,SM_SWORD
天使之光,AL_CRUCIS
百步穿楊,GS_TRACKING
拋戈卸甲,GS_DISARM
霹靂彈,GS_PIERCINGSHOT
五連擊,GS_RAPIDSHOWER
亡命之徒,GS_DESPERADO
格林狂熱,GS_GATLINGFEVER
彈片四射,GS_DUST
全面破壞,GS_FULLBUSTER
火力全開,GS_SPREADATTACK
四面埋伏,GS_GROUNDDRIFT
飛刀修練,NJ_TOBIDOUGU
投擲飛鏢,NJ_SYURIKEN
投擲飛刀,NJ_KUNAI
投擲風魔飛鏢,NJ_HUUMA
投擲金錢,NJ_ZENYNAGE
天使之障壁,AL_ANGELUS
霧裡砍劈,NJ_KASUMIKIRI
影子跳躍,NJ_SHADOWJUMP
隱身攻擊,NJ_KIRIKAGE
金蟬脫殼,NJ_UTSUSEMI
幻影分身,NJ_BUNSINJYUTSU
忍術修練,NJ_NINPOU
火炎花,NJ_KOUENKA
火炎陣,NJ_KAENSIN
爆炎龍,NJ_BAKUENRYU
冰閃槍,NJ_HYOUSENSOU
水鈍,NJ_SUITON
冰晶落,NJ_HYOUSYOURAKU
風刃,NJ_HUUJIN
雷擊碎,NJ_RAIGEKISAI
朔風,NJ_KAMAITACHI
天使之賜福,AL_BLESSING
一閃擊,NJ_ISSEN
殭屍戰鬥,MB_FIGHTING
妖道中立,MB_NEUTRAL
寵物馴化,MB_TAIMING_PUTI
藥水控制,MB_WHITEPOTION
精神控制,MB_MENTAL
卡片投擲,MB_CARDPITCHER
寵物投擲,MB_PETPITCHER
身體研究,MB_BODYSTUDY
身體改造,MB_BODYALTER
寵物記憶,MB_PETMEMORY
殭屍傳送,MB_M_TELEPORT
妖道獲得經驗,MB_B_GAIN
殭屍獲得經驗,MB_M_GAIN
認養寵物任務,MB_MISSION
治療術,AL_CURE
殭屍球,MB_MUNAKBALL
妖道球,MB_SCROLL
妖道聚集,MB_B_GATHERING
殭屍聚集,MB_M_GATHERING
妖道排斥,MB_B_EXCLUDE
妖道漂流,MB_B_DRIFT
妖道牆掃蕩,MB_B_WALLRUSH
殭屍牆掃蕩,MB_M_WALLRUSH
妖道牆變形,MB_B_WALLSHIFT
殭屍牆衝撞,MB_M_WALLCRASH
殭屍重生,MB_M_REINCARNATION
妖道裝備,MB_B_EQUIP
死亡騎士之魂,SL_DEATHKNIGHT
黑暗搜集者之魂,SL_COLLECTOR
忍者之魂,SL_NINJA
負重量上升,MC_INCCARRY
寬廣配藥,AM_TWILIGHT4
狂暴化,DE_BERSERKAIZER
黑暗靈魂之力,DA_DARKPOWER
Death 被動,DE_PASSIVE
Death 襲擊被動,DE_PATTACK
Death 加速被動,DE_PSPEED
Death 防禦被動,DE_PDEFENSE
Death 暴擊被動,DE_PCRITICAL
Death 恢復被動,DE_PHP
Death 魔力被動,DE_PSP
Death 強化,DE_RESET
Death 排列被動,DE_RANKING
Death 三倍被動,DE_PTRIPLE
<死亡騎士>能量,DE_ENERGY
低價買進,MC_DISCOUNT
<死亡騎士>揮砍,DE_SLASH
<死亡騎士>纏繞,DE_COIL
<死亡騎士>衝擊波,DE_WAVE
<死亡騎士>能量重生,DE_REBIRTH
<死亡騎士>靈氣,DE_AURA
<死亡騎士>凍結,DE_FREEZER
<死亡騎士>轉換攻擊,DE_CHANGEATTACK
<死亡騎士>懲罰,DE_PUNISH
<死亡騎士>劇毒刀刃,DE_POISON
<死亡騎士>緊急屏障,DE_INSTANT
<死亡騎士>警告,DE_WARNING
<死亡騎士>排刀,DE_RANKEDKNIFE
<死亡騎士>排射,DE_RANKEDGRADIUS
<死亡騎士>領域,DE_GAUGE
<死亡騎士>時間衝擊,DE_GTIME
高價賣出,MC_OVERCHARGE
<死亡騎士>技能衝擊,DE_GSKILL
<死亡騎士>死亡衝擊,DE_GKILL
<死亡騎士>加速,DE_ACCEL
<死亡騎士>雙重防禦,DE_BLOCKDOUBLE
<死亡騎士>近身防禦,DE_BLOCKMELEE
<死亡騎士>遠程防禦,DE_BLOCKFAR
<死亡騎士>前方攻擊,DE_FRONTATTACK
<死亡騎士>威脅攻擊,DE_DANGERATTACK
<死亡騎士>危險攻擊,DE_TWINATTACK
<死亡騎士>暴風攻擊,DE_WINDATTACK
<死亡騎士>水攻擊,DE_WATERATTACK
<黑暗搜集者>能量,DA_ENERGY
<黑暗搜集者>暗雲,DA_CLOUD
<黑暗搜集者>最初幻想,DA_FIRSTSLOT
<黑暗搜集者>頭部防禦,DA_HEADDEF
手推車使用,MC_PUSHCART
<黑暗搜集者>變形,DA_TRANSFORM
<黑暗搜集者>變形,DA_EXPLOSION
<黑暗搜集者>獎勵,DA_REWARD
<黑暗搜集者>衝撞,DA_CRUSH
<黑暗搜集者>物品重組,DA_ITEMREBUILD
<黑暗搜集者>幻覺,DA_ILLUSION
<黑暗搜集者>中和,DA_NUETRALIZE
<黑暗搜集者>奔跑,DA_RUNNER
<黑暗搜集者>轉移,DA_TRANSFER
<黑暗搜集者>牆,DA_WALL
返回艾爾迪卡斯特,RETURN_TO_ELDICASTES
<黑暗搜集者>復仇,DA_REVENGE
<黑暗搜集者>耳塞,DA_EARPLUG
<黑暗搜集者>寶石契約,DA_CONTRACT
<黑暗搜集者>寶石魔法,DA_BLACK
物品鑑定,MC_IDENTIFY
<黑暗搜集者>魔法手推車,DA_MAGICCART
<黑暗搜集者>複製,DA_COPY
<黑暗搜集者>暴擊,DA_CRYSTAL
<黑暗搜集者>經驗值,DA_EXP
<黑暗搜集者>魔法手推車衝撞,DA_CARTSWING
<黑暗搜集者>人體重建,DA_REBUILD
<黑暗搜集者>新手更換職業,DA_JOBCHANGE
<黑暗搜集者>華麗金屬黑暗,DA_EDARKNESS
<黑暗搜集者>華麗金屬守衛,DA_EGUARDIAN
準時,DA_TIMEOUT
<黑暗搜集者>排列,DA_ZENYRANK
<黑暗搜集者>組裝,DA_ACCESSORYMIX
地震連繫,NPC_EARTHQUAKE_K
烈焰之環,EL_CIRCLE_OF_FIRE
露天商店,MC_VENDING
海嘯武器,EL_TIDAL_WEAPON
天龍恐懼,NPC_DRAGONFEAR
脈震衝撞,NPC_PULSESTRIKE
死亡天譴,NPC_HELLJUDGEMENT
廣範圍沉默,NPC_WIDESILENCE
廣範圍冰凍,NPC_WIDEFREEZE
廣範圍出血,NPC_WIDEBLEEDING
廣範圍石化,NPC_WIDESTONE
廣範圍混亂,NPC_WIDECONFUSE
廣範圍睡眠,NPC_WIDESLEEP
邪降,NPC_EVILLAND
金錢攻擊,MC_MAMMONITE
減緩詠唱,NPC_SLOWCAST
致命傷口,NPC_CRITICALWOUND
鋼筋鐵骨,NPC_STONESKIN
反魔法,NPC_ANTIMAGIC
廣範圍詛咒,NPC_WIDECURSE
廣範圍暈眩,NPC_WIDESTUN
吸血鬼接觸,NPC_VAMPIRE_GIFT
法力燃燒,NPC_WIDESOULDRAIN
負重量上升R,ALL_INCCARRY
地獄之權能,NPC_HELLPOWER
鶚梟之眼,AC_OWL
搖籃曲,GM_SANDMAN
怪獸的咆哮,ALL_CATCRY
吹吧! 花信風!!,ALL_PARTYFLEE
感謝您!,ALL_ANGEL_PROTECT
仲夏夜之夢,ALL_DREAM_SUMMERNIGHT
變成獸人面孔,ALL_REVERSEORCISH
ALL_WEWISH,ALL_WEWISH
蒼鷹之眼,AC_VULTURE
心神凝聚,AC_CONCENTRATION
二連矢,AC_DOUBLE
治癒之手,HLIF_HEAL
月光,HFLI_MOON
箭雨,AC_SHOWER
和卡普拉訂契約,GD_KAFRACONTRACT
雙手劍使用熟練度,SM_TWOHAND
二刀連擊,TF_DOUBLE
地雷陷阱,MA_LANDMINE
恢復,MER_REGAIN
火焰斗篷,EL_FIRE_CLOAK
殘影,TF_MISS
風之刃,EL_WIND_SLASH
偷竊,TF_STEAL
隱匿,TF_HIDING
施毒,TF_POISON
解毒,TF_DETOXIFY
復活術,ALL_RESURRECTION
長矛使用熟練度,KN_SPEARMASTERY
研究監護人,GD_GUARDRESEARCH
連刺攻擊,KN_PIERCE
睡魔陷阱,MA_SANDMAN
補給,MER_TENDER
火焰披風,EL_FIRE_MANTLE
騎乘攻擊,KN_BRANDISHSPEAR
颶風肆虐,EL_HURRICANE
長矛刺擊,KN_SPEARSTAB
投擲長矛攻擊,KN_SPEARBOOMERANG
雙手劍攻擊速度增加,KN_TWOHANDQUICKEN
反擊,KN_AUTOCOUNTER
怪物互擊,KN_BOWLINGBASH
衝鋒攻擊,KN_CHARGEATK
退縮,CR_SHRINK
超音速投擲,AS_SONICACCEL
毒刃,AS_VENOMKNIFE
緊密的約束,RG_CLOSECONFINE
火狩芽,WZ_SIGHTBLASTER
騎乘術,KN_RIDING
元素更換(水),SA_ELEMENTWATER
幻影箭,HT_PHANTASMIC
陣痛之聲,BA_PANGVOICE
眨眼之誘,DC_WINKCHARM
詭計的商術,BS_UNFAIRLYTRICK
貪婪,BS_GREED
捨身取義,PR_REDEMPTIO
振氣注入,MO_KITRANSLATION
發勁,MO_BALKYOUNG
元素更換(地),SA_ELEMENTGROUND
元素更換(火),SA_ELEMENTFIRE
元素更換(風),SA_ELEMENTWIND
快速恢復,SM_RECOVERY
騎兵修練,KN_CAVALIERMASTERY
高階治癒術,AB_HIGHNESSHEAL
二道聖光,AB_DUPLELIGHT_MELEE
祝福,MER_BENEDICTION
權杖使用熟練度,PR_MACEMASTERY
水之守護,EL_WATER_SCREEN
神威祈福,PR_IMPOSITIO
颶風肆虐,EL_HURRICANE_ATK
犧牲祈福,PR_SUFFRAGIUM
撒水祈福,PR_ASPERSIO
聖之祈福,PR_BENEDICTIO
石化詛咒,WL_SIENNAEXECRATE
光耀之堂,PR_SANCTUARY
榴霰彈,RA_CLUSTERBOMB
狼突擊,RA_WUGSTRIKE
偽裝戰術,RA_CAMOUFLAGE
淺黃陷阱,RA_MAIZETRAP
魔導機甲執照,NC_MADOLICENCE
火焰噴射器,NC_FLAMELAUNCHER
懸停,NC_HOVERING
緩毒術,PR_SLOWPOISON
解析,NC_ANALYZE
修復,NC_REPAIR
FAW解體,NC_DISJOINT
魅影形態,SC_SHADOWFORM
致命感染,SC_DEADLYINFECT
面具:懶散,SC_LAZINESS
痊癒術,PR_STRECOVERY
血腥欲望,SC_BLOODYLUST
加農砲攻擊,LG_CANNONSPEAR
聚集,LG_BANDING
霸邪之陣,PR_KYRIE
閃電步,SR_LIGHTNINGWALK
羅剎破凰擊,SR_GATEOFHELL
點穴-反,SR_GENTLETOUCH_CHANGE
戀人交響樂,WA_SYMPHONY_OF_LOVER
聖母之頌歌,PR_MAGNIFICAT
和聲演奏,MI_HARMONIZE
幸運之頌歌,PR_GLORIA
絕望之歌,WM_POEMOFNETHERWORLD
循環的大自然之音,WM_SIRCLEOFNATURE
沉默之術,PR_LEXDIVINA
雷拉多露水,WM_LERADS_DEW
火焰步,SO_FIREWALK
鑽石星塵,SO_DIAMONDDUST
打擊強化,SO_STRIKING
搖籃曲,SO_ARRULLO
轉生術,PR_TURNUNDEAD
精靈交流,SO_EL_SYMPATHY
風之紋章,SO_WIND_INSIGNIA
手推車改良,GN_REMODELING_CART
荊棘陷阱,GN_THORNS_TRAP
瘋狂野草,GN_CRAZYWEEDクレイジーウィード
天使之怒,PR_LEXAETERNA
調配料理,GN_MIX_COOKING
擴充組合體制,GD_EXTENSION
聖典,AB_SECRAMENT
十字驅魔攻擊,PR_MAGNUS
開設購買商店(BUYING STORE),ALL_BUYING_STORE
狂擊,SM_BASH
火柱攻擊,WZ_FIREPILLAR
陷阱移除,MA_REMOVETRAP
復原,MER_RECUPERATE
火之獵殺,WZ_SIGHTRASHER
大豪雨,EL_WATER_DROP
火焰藤蔓,WZ_FIREIVY
颱風飛彈,EL_TYPOON_MIS
隕石術,WZ_METEOR
雷鳴術,WZ_JUPITEL
怒雷強擊,WZ_VERMILION
水球術,WZ_WATERBALL
冰刃之牆,WZ_ICEWALL
霜凍之術,WZ_FROSTNOVA
暴風雪,WZ_STORMGUST
地震術,WZ_EARTHSPIKE
崩裂術,WZ_HEAVENDRIVE
泥沼地,WZ_QUAGMIRE
怪物情報,WZ_ESTIMATION
腦手術,HLIF_BRAIN
緊急迴避,HFLI_SPEED
麻痺針,MH_NEEDLE_OF_PARALYZE
轉換型態,MH_STYLE_CHANGE
攻擊準備,MH_ANGRIFFS_MODUS
火山灰,MH_VOLCANIC_ASH
鐵製造,BS_IRON
公會榮耀,GD_GLORYGUILD
鋼製造,BS_STEEL
挑釁,SM_PROVOKE
屬性石製造,BS_ENCHANTEDSTONE
衝鋒箭,MA_CHARGEARROW
精神治癒,MER_MENTALCURE
神之金屬研究,BS_ORIDEOCON
水之屏障,EL_WATER_BARRIER
短劍製作,BS_DAGGER
颱風飛彈,EL_TYPOON_MIS_ATK
劍製作,BS_SWORD
雙手劍製作,BS_TWOHANDSWORD
斧頭製作,BS_AXE
權杖製作,BS_MACE
拳套製作,BS_KNUCKLE
長矛製作,BS_SPEAR
武器保有,BS_HILTBINDING
尋找礦石,BS_FINDINGORE
武器研究,BS_WEAPONRESEARCH
武器修理,BS_REPAIRWEAPON
強化火屬性,BS_SKINTEMPER
大地之擊,BS_HAMMERFALL
偉大的指導力,GD_LEADERSHIP
速度激發,BS_ADRENALINE
怒爆,SM_MAGNUM
無視體型攻擊,BS_WEAPONPERFECT
銳利射擊,MA_SHARPSHOOTING
壓制,MER_COMPRESS
凶砍,BS_OVERTHRUST
風之閃現,EL_WIND_STEP
武器值最大化,BS_MAXIMIZE
石錘,EL_STONE_HAMMER
滑動陷阱,HT_SKIDTRAP
地雷陷阱,HT_LANDMINE
定位陷阱,HT_ANKLESNARE
魔耗陷阱,HT_SHOCKWAVE
睡魔陷阱,HT_SANDMAN
強光陷阱,HT_FLASHER
霜凍陷阱,HT_FREEZINGTRAP
定時爆炸陷阱,HT_BLASTMINE
爆散陷阱,HT_CLAYMORETRAP
陷阱移除,HT_REMOVETRAP
陷阱探查,HT_TALKIEBOX
音速衝擊波,RK_SONICWAVE
致命爆裂,RK_IGNITIONBREAKイグニッションブレイク
龍之氣息,RK_DRAGONBREATH
盧恩精熟,RK_RUNEMASTERY
重擊強襲,RK_CRUSHSTRIKE
動物殺手,HT_BEASTBANE
生命激化,RK_VITALITYACTIVATION
提升鬥志,RK_FIGHTINGSPIRIT
幻象突刺,RK_PHANTOMTHRUST
新毒研究,GC_RESEARCHNEWPOISON
解毒劑,GC_ANTIDOTE
武器抵禦,GC_WEAPONBLOCKING
馴鷹術,HT_FALCON
毒霧,GC_POISONSMOKE
惡靈威脅,GC_PHANTOMMENACE
迴旋刀刃,GC_ROLLINGCUTTER
審判,AB_JUDEXジュデックス
謳歌,AB_ADORAMUS
純白百合花,AB_CANTO
霸體,SM_ENDURE
鋼製喙,HT_STEELCROW
折枝讚頌,AB_LAUDARAMUS
解除,AB_CLEARANCE
二道聖光,AB_DUPLELIGHT_MAGIC
閃電衝擊,HT_BLITZBEAT
獵鷹尋敵,HT_DETECTING
爆破陷阱,HT_SPRINGTRAP
風之魂,EL_WIND_CURTAIN
右手修練,AS_RIGHT
碎石,EL_ROCK_CRUSHER
左手修練,AS_LEFT
拳刃修練,AS_KATAR
偽裝,AS_CLOAKING
音速投擲,AS_SONICBLOW
無影之牙,AS_GRIMTOOTH
塗毒,AS_ENCHANTPOISON
半徑擴大,WL_RADIUS
毒性反彈,AS_POISONREACT
魔法保存,WL_FREEZE_SP
病毒散撥,AS_VENOMDUST
召狼術,RA_WUGMASTERY
狼咬,RA_WUGBITE
陷阱研究,RA_RESEARCHTRAP
毒性感染,AS_SPLASHER
液體冷卻彈,NC_COLDSLOWER
大步前進,NC_F_SIDESLIDE
緊急治療,NV_FIRSTAID
磁場,NC_MAGNETICFIELD
斧頭使用熟練度,NC_TRAININGAXE
裝死,NV_TRICKDEAD
三角射擊,SC_TRIANGLESHOT
面具:無力,SC_ENERVATION
禪心,MG_SRECOVERY
移動時恢復HP,SM_MOVINGRECOVERY
虛擊炸彈,SC_FEINTBOMB
精準攻擊,LG_PINPOINTATTACK
攻擊弱點,SM_FATALBLOW
半月斬,LG_MOONSLASHER
地雷震,SR_EARTHSHAKER
狂暴狀態,SM_AUTOBERSERK
修羅身彈,SR_KNUCKLEARROW
吸氣攻,SR_ASSIMILATEPOWER
點穴-默,SR_GENTLETOUCH_QUIET
製作箭,AC_MAKINGARROW
月光小夜曲,WA_MOONLIT_SERENADE
衝鋒箭,AC_CHARGEARROW
噴砂,TF_SPRINKLESAND
後退迴避,TF_BACKSLIDING
撿石頭,TF_PICKSTONE
塞壬之音,WM_VOICEOFSIREN
不確定要素的語言,WM_RANDOMIZESPELL
投擲石頭,TF_THROWSTONE
消沈旋律,WM_MELODYOFSINK
手推車攻擊,MC_CARTREVOLUTION
劇毒猛擊,SO_POISON_BUSTER
加熱術,SO_WARMER
精靈控制,SO_EL_CONTROL
改裝手推車,MC_CHANGECART
精靈治癒,SO_EL_CURE
地之紋章,SO_EARTH_INSIGNIA
大聲吶喊,MC_LOUD
神聖之光,AL_HOLYLIGHT
炸彈製造,GN_MAKEBOMB
冷漠之心,GD_SOULCOLD
能量外套,MG_ENERGYCOAT
守護者的召喚,ALL_GUARDIAN_RECALL
火狩,MG_SIGHT
狂擊,MS_BASH
騎乘攻擊,ML_BRANDISH
狂暴狀態,MER_AUTOBERSERK
風之結界,EL_ZEPHYR
火箭,EL_FIRE_ARROW
碎石,EL_ROCK_CRUSHER_ATK
心靈爆破,MG_NAPALMBEAT
位置互換,HAMI_CASTLE
善變,HVAN_CAPRICE
銀脈衝擊,MH_SILVERVEIN_RUSH
連續突破組合,MH_CBC
尖銳的視線,GD_HAWKEYES
暗之障壁,MG_SAFETYWALL
怒爆,MS_MAGNUM
螺旋擊刺,ML_SPIRALPIERCE
緩速術,MER_DECAGI
皮膚固化,EL_SOLID_SKIN
火焰炸彈,EL_FIRE_BOMB
岩石風暴,EL_STONE_RAIN
聖靈召喚,MG_SOULSTRIKE
強奪,RG_SNATCHER
偷錢,RG_STEALCOIN
背刺,RG_BACKSTAP
潛遁,RG_TUNNELDRIVE
潛擊,RG_RAID
卸除武器,RG_STRIPWEAPON
卸除盾牌,RG_STRIPSHIELD
卸除鎧甲,RG_STRIPARMOR
卸除頭盔,RG_STRIPHELM
脅持,RG_INTIMIDATE
塗鴉,RG_GRAFFITI
下達戰鬥命令,GD_BATTLEORDER
旗幟塗鴉,RG_FLAGGRAFFITI
清洗,RG_CLEANER
流氓天國,RG_GANGSTER
緊急呼叫,GD_ITEMEMERGENCYCALL
冰箭術,MG_COLDBOLT
強制減價,RG_COMPULSION
死亡騎士<痛苦衝擊>,DE_GPAIN
怪物互擊,MS_BOWLINGBASH
光之盾,ML_DEFENDER
抄襲,RG_PLAGIARISM
卸除配件,SC_STRIPACCESSARY
光榮的傷口,GD_GLORYWOUNDS
斧頭使用熟練度,AM_AXEMASTERY
監護人魔物強化,GD_GUARDUP
正式工會認證,GD_APPROVAL
加速術,MER_INCAGI
知識藥水,AM_LEARNINGPOTION
天使之賜福,MER_BLESSING
霸邪之陣,MER_KYRIE
岩石盾,EL_STONE_SHIELD
配藥,AM_PHARMACY
怪物情報,MER_ESTIMATION
沉默之術,MER_LEXDIVINA
替罪羔羊,MER_SCAPEGOAT
火煙瓶投擲,AM_DEMONSTRATION
挑釁,MER_PROVOKE
撞擊,MER_CRASH
火狩,MER_SIGHT
強酸攻擊,AM_ACIDTERROR
重壓盾擊,LG_SHIELDPRESS
自動防禦,ML_AUTOGUARD
連刺攻擊,ML_PIERCE
藥水投擲,AM_POTIONPITCHER
霜凍陷阱,MA_FREEZINGTRAP
滑動陷阱,MA_SKIDTRAP
箭雨,MA_SHOWER
生物調撥,AM_CANNIBALIZE
二連矢,MA_DOUBLE
狂怒之槍,MS_BERSERK
反射盾,MS_REFLECTSHIELD
氣泡蟲召喚,AM_SPHEREMINE
雙劍挌擋,MS_PARRYING
花崗岩鎧甲,MH_GRANITIC_ARMOR
化學武器保護,AM_CP_WEAPON
岩漿流動,MH_MAGMA_FLOW
風暴衝擊,EL_BLAST
粉碎骨折,MH_TINDER_BREAKER
化學盾牌保護,AM_CP_SHIELD
黃金腳跟,MH_GOLDENE_FERSE
生命之流,NPC_ALLHEAL
化學鎧甲保護,AM_CP_ARMOR
岩石領域,EL_PETROLOGY
音速利爪,MH_SONIC_CRAW
沉默微風,MH_SILENT_BREEZE
化學頭盔保護,AM_CP_HELM
瞬間增壓,MH_OVERED_BOOST
重生之光,MH_LIGHT_OF_REGENE
生命倫理,AM_BIOETHICS
召喚蟲團,MH_SUMMON_LEGION
生物爆炸,HVAN_EXPLOSION
生命工學研究,AM_BIOTECHNOLOGY
元素肯貝特製作,SA_CREATECON
荒野風暴,EL_WILD_STORM
冰凍術,MG_FROSTDIVER
生命體,AM_CREATECREATURE
S.B.R.44,HFLI_SBR44
橫越速度,HFLI_FLEET
血的貪求,HAMI_BLOODLUST
培養,AM_CULTIVATION
活命之膚,HAMI_SKIN
詛咒之地,EL_CURSED_SOIL
智力變換,HLIF_CHANGE
火焰控制,AM_FLAMECONTROL
輕捷移動,HLIF_AVOID
奧丁的召喚,ALL_ODINS_RECALL
素材變化,GN_CHANGEMATERIAL
道具投擲,GN_SLINGITEM
曼陀羅魔花的尖叫,GN_MANDRAGORA
攻擊力訓練,AM_DRILLMASTER
地獄植物,GN_HELLS_PLANT
火焰擴散,GN_FIRE_EXPANSION
惡魔火焰,GN_DEMONIC_FIRE
治癒生命體,AM_HEALHOMUN
荊棘之壁,GN_WALLOFTHORN
破碎柱,SR_CRESCENTELBOW
手推車加速,GN_CARTBOOST
手推車加農砲,GN_CARTCANNON
單手劍使用熟練度,GN_TRAINING_SWORD
信任,CR_TRUST
螺旋水波,EL_WATER_SCREW_ATK
螺旋水波,EL_WATER_SCREW
冰針,EL_ICE_NEEDLE
自動防禦,CR_AUTOGUARD
火焰衝擊波,EL_FIRE_WAVE_ATK
火焰衝擊波,EL_FIRE_WAVE
火焰炸彈,EL_FIRE_BOMB_ATK
盾擊,CR_SHIELDCHARGE
天崩地裂,EL_UPHEAVAL
防禦力,HAMI_DEFENCE
混亂的祈福,HVAN_CHAOTIC
迴旋盾擊,CR_SHIELDBOOMERANG
永恆快速組合,MH_EQC
雷電強化,EL_GUST
反射盾,CR_REFLECTSHIELD
絕對零度,EL_CHILLY_AIR
急速降溫,EL_COOLER
復興公會員體力,GD_REGENERATION
聖十字攻擊,CR_HOLYCROSS
雲殺,SO_CLOUD_KILL
冰封領域,EL_AQUAPLAY
精靈激發,SO_EL_ACTION
聖十字審判,CR_GRANDCROSS
水之紋章,SO_WATER_INSIGNIA
全氣注入,SR_POWERVELOCITY
犧牲,CR_DEVOTION
召喚水精靈阿奎亞,SO_SUMMON_AQUA
基本技能,NV_BASIC
石化術,MG_STONECURSE
神祐之光,CR_PROVIDENCE
感恩祈禱,AB_EUCHARISTICA
光之盾,CR_DEFENDER
靜寂,AB_SILENTIUM
長矛加速術,CR_SPEARQUICKEN
召喚地精靈泰拉,SO_SUMMON_TERA
鐵沙掌,MO_IRONHAND
召喚風精靈梵圖斯,SO_SUMMON_VENTUSサモンベントス
運氣調息,MO_SPIRITSRECOVERY
元素分析,SO_EL_ANALYSIS
蓄氣,MO_CALLSPIRITS
聖槍刺擊,SO_VARETYR_SPEAR
吸氣,MO_ABSORBSPIRITS
極限空虛,SO_VACUUM_EXTREME
六合拳,MO_TRIPLEATTACK
天神下凡,EL_POWER_OF_GAIA
弓身彈影,MO_BODYRELOCATION
點穴-球,SR_GENTLETOUCH_ENERGYGAIN
移花接木,MO_DODGE
大地墳場,SO_EARTHGRAVE
浸透勁,MO_INVESTIGATE
魔力拳,SO_SPELLFIST
彈指神通,MO_FINGEROFFENSIVE
電流步,SO_ELECTRICWALK
金剛不壞,MO_STEELBODY
無限哼唱聲,WM_UNLIMITED_HUMMING_VOICE
真劍百破道,MO_BLADESTOP
搖擺\舞,WA_SWING_DANCE
爆氣,MO_EXPLOSIONSPIRITS
狂歡週末夜,WM_SATURDAY_NIGHT_FEVER
阿修羅霸凰拳,MO_EXTREMITYFIST
火球術,MG_FIREBALL
連環全身掌,MO_CHAINCOMBO
毀滅之聲,WM_SOUND_OF_DESTRUCTION
猛龍誇強,MO_COMBOFINISH
與狼共舞,WM_DANCE_WITH_WUG
進化之書,SA_ADVANCEDBOOK
魔力之歌,WM_SONG_OF_MANA
取消施法,SA_CASTCANCEL
白色監獄,WL_WHITEIMPRISON
魔法懲罰,SA_MAGICROD
魔力凍結,WL_STASIS
念咒拆除,SA_SPELLBREAKER
屬性漩渦,WL_TETRAVORTEX
自由施法,SA_FREECAST
巨大共鳴,WM_GREAT_ECHO
自動念咒,SA_AUTOSPELL
火屬性附加,SA_FLAMELAUNCHER
騎狼術,RA_WUGRIDER
水屬性附加,SA_FROSTWEAPON
紫紅陷阱,RA_MAGENTATRAP
風屬性附加,SA_LIGHTNINGLOADER
衝擊椎,NC_PILEBUNKER
地屬性附加,SA_SEISMICWEAPON
大步後退,NC_B_SIDESLIDE
龍知識,SA_DRAGONOLOGY
中性防護罩,NC_NEUTRALBARRIER
火元素領域,SA_VOLCANO
FAW銀光狙擊手,NC_SILVERSNIPER
水元素領域,SA_DELUGE
人體彩繪,SC_BODYPAINT
風元素領域,SA_VIOLENTGALE
火焰之壁,MG_FIREWALL
地元素領域,SA_LANDPROTECTOR
羞怯一天的憂鬱,WM_GLOOMYDAY
魔法效果解除,SA_DISPELL
先鋒部隊,LG_FORCEOFVANGUARD
隨機技能,SA_ABRACADABRA
變換成波利,SA_MONOCELL
變換成Boss級魔物,SA_CLASSCHANGE
旋風腿,SR_WINDMILL
召喚魔物,SA_SUMMONMONSTER
點穴-快,SR_GENTLETOUCH_CURE
變成獸人面孔,SA_REVERSEORCISH
沉睡搖籃曲,WM_LULLABY_DEEPSLEEP
死身,SA_DEATH
死亡峽谷,WM_DEADHILLHERE
宿命,SA_FORTUNE
大暴雨,WM_SEVERE_RAINSTORMシビアレインストーム
認養寵物,SA_TAMINGMONSTER
朝風車突擊,MI_RUSH_WINDMILL
問號,SA_QUESTION
重力社,SA_GRAVITY
升級,SA_LEVELUP
課程,WM_LESSON
當場死亡,SA_INSTANTDEATH
回音之歌,MI_ECHOSONG
完全恢復,SA_FULLRECOVERY
支配動力,WM_DOMINION_IMPULSE
頻死之術,SA_COMA
火箭術,MG_FIREBOLT
臨機應變,BD_ADAPTATION
戰嚎的彼端,WM_BEYOND_OF_WARCRY
安可,BD_ENCORE
點穴-活,SR_GENTLETOUCH_REVITALIZE
搖籃曲,BD_LULLABY
超自然波,SO_PSYCHIC_WAVE
經驗值倍增,BD_RICHMANKIM
召喚火元素,SO_SUMMON_AGNI
永遠的混沌,BD_ETERNALCHAOS
火之紋章,SO_FIRE_INSIGNIA
戰鼓震天,BD_DRUMBATTLEFIELD
咒縛陣,SR_CURSEDCIRCLE
尼貝隆根之戒指,BD_RINGNIBELUNGEN
爆炸孢子,GN_SPORE_EXPLOSION
洛奇的悲鳴,BD_ROKISWEIL
觸媒之所,BD_INTOABYSS
專門配藥,GN_S_PHARMACY
不死神齊格弗里德,BD_SIEGFRIED
恢復公會員體力,GD_RESTORE
仙境傳說,BD_RAGNAROK
靈感,LG_INSPIRATION
操控樂器,BA_MUSICALLESSON
虔誠,LG_PIETY
樂器攻擊,BA_MUSICALSTRIKE
威信,LG_PRESTIGE
不諧和音,BA_DISSONANCE
奧丁之神力,ALL_ODINS_POWER
冷笑話,BA_FROSTJOKE
強化衝擊,LG_EXEEDBREAK
吹口哨,BA_WHISTLE
雷擊術,MG_LIGHTNINGBOLT
刺客的黃昏,BA_ASSASSINCROSS
憤怒突擊,LG_RAGEBURST
布萊奇之詩,BA_POEMBRAGI
犧牲,ML_DEVOTION
伊登的蘋果,BA_APPLEIDUN
摧殘,LG_TRAMPLE
練習舞蹈,DC_DANCINGLESSON
漩渦,SC_MAELSTROM
纏箭投擲,DC_THROWARROW
混沌恐慌,SC_CHAOSPANIC
醜陋之舞,DC_UGLYDANCE
異次元之門,SC_DIMENSIONDOOR
驚聲尖叫,DC_SCREAM
人孔,SC_MANHOLE
哼唱之音,DC_HUMMING
烈焰強化,EL_PYROTECHNIC
勿忘我,DC_DONTFORGETME
面具-衰弱,SC_WEAKNESS
女神之吻,DC_FORTUNEKISS
面具-不幸,SC_UNLUCKY
為您服務,DC_SERVICEFORYOU
面具-無知,SC_IGNORANCE
面具-憂鬱,SC_GROOMY
透明術,SC_INVISIBILITY
自動魅影念咒,SC_AUTOSHADOWSPELL
繁殖,SC_REPRODUCE
FAW魔法傀儡,NC_MAGICDECOY
只呵護妳,WE_MALE
迴旋斧,NC_AXEBOOMERANG
只為你犧牲,WE_FEMALE
雷爆術,MG_THUNDERSTORM
想念你,WE_CALLPARTNER
火焰與大地的研究,NC_RESEARCHFE
投擲風靈之斧,ITM_TOMAHAWK
隱形力場,NC_STEALTHFIELD
紅外線掃瞄,NC_INFRAREDSCAN
緊急冷卻,NC_EMERGENCYCOOL
形態轉換,NC_SHAPESHIFT
自我摧毀,NC_SELFDESTRUCTION
主體改造,NC_MAINFRAME
魔導機甲加速,NC_ACCELERATION
冰封陷阱,RA_ICEBOUNDTRAP
燃燒陷阱,RA_FIRINGTRAP
青翠陷阱,RA_VERDURETRAP
深藍陷阱,RA_COBALTTRAP
敏銳嗅覺,RA_SENSITIVEKEEN
狼牙,RA_TOOTHOFWUG
疾狼術,RA_WUGDASH
電擊陷阱,RA_ELECTRICSHOCKER
雷管,RA_DETONATOR
瞄準標靶,RA_AIMEDBOLT
遊俠主意,RA_RANGERMAIN
微風恐懼,RA_FEARBREEZE
連鎖電擊,WL_CHAINLIGHTNING
吸星大法,WL_DRAINLIFE
魔法省悟,WL_RECOGNIZEDSPELL
天使之護,AL_DP
深淵沼地,WL_MARSHOFABYSS
二道聖光,AB_DUPLELIGHT
贖罪,AB_EXPIATIO
靈氣劍,LK_AURABLADE
淨化,AB_RENOVATIO
雙劍挌擋,LK_PARRYING
羔羊歌頌,AB_LAUDAAGNUS
集中攻擊,LK_CONCENTRATION
祈禱文,AB_ORATIO
極速回復,LK_TENSIONRELAX
感恩歌,AB_PRAEFATIO
狂怒之槍,LK_BERSERK
聖靈降臨祈禱,AB_EPICLESIS
燦爛聖光,AB_CHEAL
安希拉,AB_ANCILLA
聖母之祈福,HP_ASSUMPTIO
幻影步,GC_HALLUCINATIONWALK
神聖殿堂,HP_BASILICA
劇毒強制賦予,GC_VENOMPRESSURE
冥想,HP_MEDITATIO
卸除武裝,GC_WEAPONCRUSH
吸魂術,HW_SOULDRAIN
劇毒武器,GC_POISONINGWEAPON
魔擊術,HW_MAGICCRASHER
黑色幻影,GC_DARKILLUSION
豐足,RK_ABUNDANCE
神之威壓,PA_PRESSURE
天使之擊,AL_DEMONBANE
捨命攻擊,PA_SACRIFICE
岩石皮膚,RK_STONEHARDSKIN
聖音,PA_GOSPEL
力量成長,RK_GIANTGROWTH
猛虎硬爬山,CH_PALMSTRIKE
千年神盾,RK_MILLENNIUMSHIELD
伏虎拳,CH_TIGERFIST
龍駕馭,RK_DRAGONTRAINING
氣絕崩擊,CH_CHAINCRUSH
死亡反彈,RK_DEATHBOUND
HP轉換,PF_HPCONVERSION
變更指示,HVAN_INSTRUCT
心神互換,PF_SOULCHANGE
精神耗弱術,PF_SOULBURN
魔鏡,NPC_MAGICMIRROR
高階拳刃修練,ASC_KATAR
<黑暗搜集者>寶石之夢,DA_DREAM
<黑暗搜集者>暮光,DA_SPACE
緊急呼叫,GD_EMERGENCYCALL
致命塗毒,ASC_EDP
<死亡騎士>夢魘,DE_NIGHTMARE
神槍手之魂,SL_GUNNER
狙殺瞄準,SN_SIGHT
認養寵物大師,MB_MUNAKKNOWLEDGE
獵鷹突擊,SN_FALCONASSAULT
念,NJ_NEN
榻榻米攻擊,NJ_TATAMIGAESHI
連鎖衝擊,GS_CHAINACTION
暗雲,KO_YAMIKUMO
右手修練,KO_RIGHT
左手修練,KO_LEFT
幽冥十字斬,KO_JYUMONJIKIRI
靈魂阻隔,KO_SETSUDAN
炸彈飛刀,KO_BAKURETSU
八方飛刀,KO_HAPPOKUNAI
投擲魔幣,KO_MUCHANAGE
風魔飛鏢之飛舞,KO_HUUMARANKA
投擲三角釘,KO_MAKIBISHI
明鏡止水,KO_MEIKYOUSISUI
幻術 – 殘影,KO_ZANZOU
幻術 – 驚恐,KO_KYOUGAKU
幻術 – 咒死,KO_JYUSATSU
火符:炎天,KO_KAHU_ENTEN
冰符:吹雪,KO_HYOUHU_HUBUKI
風符:青嵐,KO_KAZEHU_SEIRAN
地符:剛塊,KO_DOHU_KOUKAI
法術–釋放,KO_KAIHOU
法術–施展,KO_ZENKAI
幻術–迷惑,KO_GENWAKU
十六夜,KO_IZAYOI
踏影,KG_KAGEHUMI
虛無飄妙之影,KG_KYOMU
影子武士,KG_KAGEMUSYA
變形的上弦月,OB_ZANGETSU
陰月的幻影,OB_OBOROGENSOU
不祥的紅月,OB_AKAITSUKI
返回艾可拉珠,ECLAGE_RECALL
冰雪寒葉,ECL_SNOWFLIP
粉紅厚葉,ECL_PEONYMAMY
筮答葵葉,ECL_SADAGUI
世界樹之塵,ECL_SEQUOIADUST
守護之光,ALL_RAY_OF_PROTECTION
心靈淨化,MER_INVINCIBLEOFF2
致命爪痕,GC_DARKCROW
菁英狙擊,RA_UNLIMIT
王的恩典,LG_KINGS_GRACE
龍之氣息-水,RK_DRAGONBREATH_WATER
岩漿噴發,NC_MAGMA_ERUPTION
豐年頌,WM_FRIGG_SONG
精靈結界,SO_ELEMENTAL_SHIELD
緊急脫身,SC_ESCAPE
奉獻頌,AB_OFFERTORIUM
終極念力,WL_TELEKINESIS_INTENSE
烈火戰車,ALL_FULL_THROTTLE
幻覺禁藥,GN_ILLUSIONDOPING
物理道具最大攻擊力,GM_ITEM_ATKMAX
物理道具最小攻擊力,GM_ITEM_ATKMIN
魔法道具最大攻擊力,GM_ITEM_MATKMAX
魔法道具最小攻擊力,GM_ITEM_MATKMIN
廣泛天使之怒,NPC_LEX_AETERNA
魔獸擺\尾,RL_D_TAIL
圓桌舞蹈,RL_R_TRIP
富翁的財貨,RL_RICHS_COIN
絕對貫穿,RL_MASS_SPIRAL
暗黑地獄,RL_B_TRAP
強制驅逐,RL_BANISHING_BUSTERバニシングバスター
粉碎風暴,RL_S_STORM
根源破壞,RL_SLUGSHOT
毀滅重擊,RL_AM_BLAST
無限連鎖,RL_E_CHAIN
瞬速子彈,RL_QD_SHOT
血色烙印,RL_C_MARKER
殺戮暗舞,RL_FIREDANCE
火焰暴雨,RL_FIRE_RAIN
墮落天使,RL_FALLEN_ANGEL
白金祭壇,RL_P_ALTER
閃爍信號,RL_FLICKER
破壞怒吼,RL_H_MINE
天神憤怒,RL_HAMMER_OF_GOD
加速子彈,RL_HEAT_BARREL
布萊奇之詩,BA_POEMBRAGI2
女神之吻,DC_FORTUNEKISS2
轉移力量,GM_FORCE_TRANSFER
公會倉庫擴充,GD_GUILD_STORAGE
廣泛復活術,GM_WIDE_RESURRECTION
返回普隆德拉,ALL_PRONTERA_RECALL
???? ??,ALL_THANATOS_RECALL
前往尼芙菲姆!,ALL_NIFLHEIM_RECALL
新基本技能,SU_BASIC_SKILL
狠咬,SU_BITE
躲藏,SU_HIDE
抓傷,SU_SCRATCH
俯身,SU_STOOP
跳躍,SU_LOPE
靈魂魔珠,SU_SPRITEMABLE
活蝦,SU_FRESHSHRIMP
蝦群,SU_BUNCHOFSHRIMP
鮪魚肚肉,SU_TUNABELLY大トロ
鮪魚派對,SU_TUNAPARTY
獼猴桃梗槍,SU_SV_STEMSPEAR
獼猴桃根莖纏繞,SU_SV_ROOTTWIST
貓薄荷隕石,SU_CN_METEOR
貓薄荷灑粉,SU_CN_POWDERING
小雞啄擊,SU_PICKYPECK
捲甲蟲暴衝,SU_ARCLOUSEDASH
白鼠創傷,SU_SCAROFTAROU
瘋兔胡蘿蔔重擊,SU_LUNATICCARROTBEAT
海洋力量,SU_POWEROFSEA
大地力量,SU_POWEROFLAND
生命力量,SU_POWEROFLIFE
靈魂攻擊,SU_SOULATTACK
喵喵威武,SU_POWEROFFLOCK
野豬之魂,SU_SVG_SPIRITサベージの魂
嘶嘶聲,SU_HISS
喵喵草,SU_NYANGGRASS
舔毛,SU_GROOMING
咕嚕咕嚕,SU_PURRING
美味活蝦派對,SU_SHRIMPARTY
生命之魂,SU_SPIRITOFLIFE
喵喵,SU_MEOWMEOW
大地之魂,SU_SPIRITOFLAND
喵喵不休,SU_CHATTERING
海洋之魂,SU_SPIRITOFSEA
當我們同在一起,WE_CALLALLFAMILY
生生世世永不分離,WE_ONEFOREVER
爸比媽咪請加油,WE_CHEERUP
光芒之矛,IG_RADIANT_SPEAR
帝國十字,IG_IMPERIAL_CROSS
急速撞擊,MT_RUSH_STRIKE
強力揮擊,MT_POWERFUL_SWING
能量加農砲,MT_ENERGY_CANNONADE
神秘粉末,BO_MYSTERY_POWDER
粉塵爆炸,BO_DUST_EXPLOSION
十字斬擊,SHC_CROSS_SLASH
打擊滑步,ABC_HIT_AND_SLIDING
追跡突擊,ABC_CHASING_BREAK
追跡射擊,ABC_CHASING_SHOT
節奏搖擺,TR_RHYTHMICAL_WAVE
四色符,SS_FOUR_CHARM
狂野射擊,NW_WILD_SHOT
午夜墜落,NW_MIDNIGHT_FALLEN
改裝手推車II,MC_CARTDECORATE
返回克雷斯特漢姆,ALL_GLASTHEIM_RECALL
鋼鐵之角,MH_STAHL_HORN
血腥魔刀,MH_XENO_SLASHER
熔岩滑動,MH_LAVA_SLIDE
火山塵暴,MH_PYROCLASTIC
音速刀刃,MH_ERASER_CUTTER
天罰,AB_VITUPERATUM
集結,AB_CONVENIO
月亮光輝,SJ_LIGHTOFMOON
月亮英姿,SJ_LUNARSTANCE
滿月腳,SJ_FULLMOONKICK
朔月腳,SJ_NEWMOONKICK
星星光輝,SJ_LIGHTOFSTAR
星星英姿,SJ_STARSTANCE
閃光腳,SJ_FLASHKICK
拳皇降臨,SJ_STAREMPEROR
新星爆炸,SJ_NOVAEXPLOSING
宇宙英姿,SJ_UNIVERSESTANCE
流星殞落,SJ_FALLINGSTAR
重力調整,SJ_GRAVITYCONTROL
次元之書,SJ_BOOKOFDIMENSION
創星之書,SJ_BOOKOFCREATINGSTAR
太陽和月亮和星星的紀錄,SJ_DOCUMENT
太陽和月亮和星星的淨化,SJ_PURIFY
太陽光輝,SJ_LIGHTOFSUN
太陽英姿,SJ_SUNSTANCE
太陽爆炸,SJ_SOLARBURST
紅焰腳,SJ_PROMINENCEKICK
巨人靈魂,SP_SOULGOLEM
影子靈魂,SP_SOULSHADOW
隼鷹靈魂,SP_SOULFALCON
精靈靈魂,SP_SOULFAIRY
邪靈爆炸,SP_CURSEEXPLOSION
邪惡靈魂詛咒,SP_SOULCURSE
艾斯帕,SP_SPA
艾斯哈,SP_SHAエスハ
艾斯核,SP_SWHOO
靈魂集結,SP_SOULUNITY
靈魂分裂,SP_SOULDIVISION
靈魂收割,SP_SOULREAPER
靈魂蓄積,SP_SOULCOLLECT
靈魂循環,SP_SOULREVOLVE
靈魂引爆,SP_SOULEXPLOSION
凱渥特,SP_KAUTE
靈魂能量研究,SP_SOULENERGY
流星殞落,SJ_FALLINGSTAR_ATK2
流星殞落,SJ_FALLINGSTAR_ATK
全素質下降,NPC_ALL_STAT_DOWN
重力增加,NPC_GRADUAL_GRAVITY
轉禍為福,NPC_DAMAGE_HEAL
屬性免疫,NPC_IMMUNE_PROPERTY
位置轉換,NPC_MOVE_COORDINATE
衝鋒旗飄揚,GD_CHARGESHOUT_FLAG
吹響衝鋒號角,GD_CHARGESHOUT_BEATING
緊急移動,GD_EMERGENCY_MOVE
突破極限,NV_BREAKTHROUGH
救援天使!,NV_HELPANGEL
心靈超越,NV_TRANSCENDENCE
暗黑之賜福,NPC_DARKBLESSING
惡魔死亡天譴,NPC_HELLJUDGEMENT2
冰凍穿孔,NPC_JACKFROST
流星雨,NPC_COMET
碧血隕石,WL_CRIMSONROCK
毀滅彗星,WL_COMET
靈魂爆炸,WL_SOULEXPANSION
召喚水球,WL_SUMMONWB
地獄火焰,WL_HELLINFERNO
地牛翻身,WL_EARTHSTRAIN
凍僵術,WL_JACKFROST ジャックフロスト
寒冰濃霧,WL_FROSTMISTY
召喚雷電球,WL_SUMMONBL
釋放,WL_RELEASE
召喚石塊,WL_SUMMONSTONE
召喚火焰球,WL_SUMMONFB
閱\讀魔法書,WL_READING_SB
閱\讀魔法書,WL_READING_SB_READING
十字斬,GC_CROSSIMPACT
百矛穿刺,RK_HUNDREDSPEAR
盧恩爆發,RK_LUXANIMA
午夜狂暴,MH_MIDNIGHT_FRENZY
強酸火煙瓶投擲,CR_ACIDDEMONSTRATION
殘響,WM_REVERBERATION
重金屬音樂,WM_METALICSOUND
雷光彈,SR_RIDEINLIGHTNING
獅子吼,SR_HOWLINGOFLION
虎砲,SR_TIGERCANNON
潛龍昇天,SR_RAISINGDRAGON
閃光連擊,SR_FLASHCOMBO
大纏崩墜,SR_FALLENEMPIRE
雙龍腳,SR_DRAGONCOMBO
天羅地網,SR_SKYNETBLOW
爆氣散彈,SR_RAMPAGEBLASTER
風壓飛刃,RK_WINDCUTTER
戰斧颶風,NC_AXETORNADO
加農砲,NC_ARMSCANNONアームズキャノン
火神砲,NC_VULCANARM
揮斧重擊,NC_POWERSWING
噴射飛拳,NC_BOOSTKNUCKLE
聖冕加護,LG_REFLECTDAMAGE
支配烙印,LG_OVERBRAND
盾咒,LG_SHIELDSPELL
大地毀滅,LG_EARTHDRIVE
黃昏星之光,LG_HESPERUSLIT
魔力增幅,HW_MAGICPOWER
銳利射擊,SN_SHARPSHOOTING
箭雨風暴,RA_ARROWSTORM
吸血植物,GN_BLOOD_SUCKER
手推車龍捲風,GN_CART_TORNADO
心靈震波,ASC_BREAKER
復活生命體,AM_RESURRECTHOMUN
岩壁,MH_STEINWAND
安息,AM_REST
生命體召喚,AM_CALLHOMUN
鎮痛劑,MH_PAIN_KILLER
劇毒粉,MH_POISON_MIST
聖刺,MH_HEILIGE_STANGE
死侍武器,DK_SERVANTWEAPON
死侍武器-標記,DK_SERVANT_W_SIGN
死侍武器-瞬幻,DK_SERVANT_W_PHANTOM
死侍武器-破滅,DK_SERVANT_W_DEMOL
蓄力刺擊,DK_CHARGINGPIERCE
雙向防禦,DK_TWOHANDDEF
橫揮斬,DK_HACKANDSLASHER
天龍光環,DK_DRAGONIC_AURA
狂暴粉碎,DK_MADNESS_CRUSHER
活力之源,DK_VIGOR
致命放射,AG_DEADLY_PROJECTION
毀滅颶風,AG_DESTRUCTIVE_HURRICANE
冰晶飛瀑,AG_RAIN_OF_CRYSTAL
神秘幻滅,AG_MYSTERY_ILLUSION
震裂術,AG_VIOLENT_QUAKE
靈魂連擊,AG_SOUL_VC_STRIKE
地層震動,AG_STRANTUM_TREMOR
萬紫千紅,AG_ALL_BLOOM
水晶波爆,AG_CRYSTAL_IMPACT
龍捲風暴,AG_TORNADO_STORM
焰火之徑,AG_FLORAL_FLARE_ROAD
星際突襲,AG_ASTRAL_STRIKE
巨石降臨,AG_ROCK_DOWN
暴風加農砲,AG_STORM_CANNON
豔紅魔矢,AG_CRIMSON_ARROW
冰刃斬,AG_FROZEN_SLASH
雙手杖使用熟練度,AG_TWOHANDSTAFF
堅毅信念,IQ_POWERFUL_FAITH
堅定信念,IQ_FIRM_FAITH
信念意志,IQ_WILL_OF_FAITH
聖油洗禮,IQ_OLEUM_SANCTUM
真誠信念,IQ_SINCERE_FAITH
第一擊:烙印,IQ_FIRST_BRAND
首章:信仰之力,IQ_FIRST_FAITH_POWER
第三擊:懲治,IQ_THIRD_PUNISH
第三擊:火焰彈,IQ_THIRD_FLAME_BOMB
第三擊:淨化,IQ_THIRD_CONSECRATION
第二擊:火焰滅絕,IQ_SECOND_FLAME
第二擊:信念,IQ_SECOND_FAITH
第二擊:審判,IQ_SECOND_JUDGEMENT
爆破衝擊,IQ_EXPOSION_BLASTER
焰魔散彈,IQ_MASSIVE_F_BLASTER
防禦架式,IG_GUARD_STANCE
回彈神盾,IG_REBOUND_SHIELD
防盾精熟,IG_SHIELD_MASTERY
矛&劍精熟,IG_SPEAR_SWORD_M
攻擊架式,IG_ATTACK_STANCE
終極犧牲,IG_ULTIMATE_SACRIFICE
抗性聖盾,IG_HOLY_SHIELD
末日審判,IG_GRAND_JUDGEMENT
交錯審判,IG_JUDGEMENT_CROSS
盾牌投擲,IG_SHIELD_SHOOTING
聖十字雨,IG_CROSS_RAIN
舞動血刃,SHC_DANCING_KNIFE
野蠻衝擊,SHC_SAVAGE_IMPACT
影刃旋舞,SHC_SHADOW_SENSE
永恆斬擊,SHC_ETERNAL_SLASH
迷惑魅影,SHC_ENCHANTING_SHADOW
強效毒液,SHC_POTENT_VENOM
魅影強化,SHC_SHADOW_EXCEED
致命影爪,SHC_FATAL_SHADOW_CROW
暗影刺擊,SHC_SHADOW_STAB
神力撞擊,SHC_IMPACT_CRATER
聖光治癒,CD_REPARATIO
治癒誓言,CD_MEDIALE_VOTUM
鈍器&書籍精熟,CD_MACE_BOOK_M
光耀天命,CD_ARGUTUS_VITA
神聖防護,CD_ARGUTUS_TELUM
制裁謳歌,CD_ARBITRIUM
爆裂聖光,CD_PRESENS_ACIES
靈魂忠誠,CD_FIDUS_ANIMUS
破壞擊,CD_EFFLIGO
神聖權能,CD_COMPETENTIA
驅魔風暴,CD_PNEUMATICUS_PROCELLA
博愛治癒,CD_DILECTIO_HEAL
全心奉獻,CD_RELIGIO
祝福讚歌,CD_BENEDICTUM
聖光打擊,CD_PETITIO
聖靈鎮魂,CD_FRAMEN
仿生配藥,BO_BIONIC_PHARMACY
仿生精熟,BO_BIONICS_M
全面化學保護,BO_THE_WHOLE_PROTECTION
全影化學保護,BO_ADVANCE_PROTECTION
強酸禁地(水),BO_ACIDIFIED_ZONE_WATER
強酸禁地(地),BO_ACIDIFIED_ZONE_GROUND
強酸禁地(火),BO_ACIDIFIED_ZONE_FIRE
強酸禁地(風),BO_ACIDIFIED_ZONE_WIND
強酸禁地(火/地/水/風),"BO_ACIDIFIED_ZONE_WATER
BO_ACIDIFIED_ZONE_GROUND
BO_ACIDIFIED_ZONE_FIRE
BO_ACIDIFIED_ZONE_WIND"
召喚神木戰士,BO_WOODENWARRIOR
召喚神木妖精,BO_WOODEN_FAIRY
召喚爬行者,BO_CREEPER
研究報告,BO_RESEARCHREPORT
高階陷阱,WH_ADVANCED_TRAP
八風標記,WH_WIND_SIGN
熱愛自然,WH_NATUREFRIENDLY
獵鷹奇襲,WH_HAWKRUSH
獵鷹精熟,WH_HAWK_M
憤怒暴風,WH_CALAMITYGALE
獵鷹狙擊,WH_HAWKBOOMERANG
毀滅風暴,WH_GALESTORM
深盲陷阱,WH_DEEPBLINDTRAP
磐石陷阱,WH_SOLIDTRAP
急速陷阱,WH_SWIFTTRAP
漸進狙擊,WH_CRESCIVE_BOLT
火焰陷阱,WH_FLAMETRAP
舞台禮儀,TR_STAGE_MANNER
美聲回顧,TR_RETROSPECTION
克瓦希爾奏鳴曲,TR_KVASIR_SONATA
玫瑰箭矢,TR_ROSEBLOSSOM
金屬狂怒,TR_METALIC_FURY
混聲烙印,TR_SOUNDBLEND
葛帔尼亞夜曲,TR_GEF_NOCTURN
洛基奏鳴曲,TR_ROKI_CAPRICCIO
礦工狂想曲,TR_AIN_RHAPSODY
音樂劇插曲,TR_MUSICAL_INTERLUDE
暮色小夜曲,TR_JAWAII_SERENADE
亡靈鎮魂歌,TR_NIPELHEIM_REQUIEM
普隆德拉進行曲,TR_PRON_MARCH
短劍&弓弩精熟,ABC_DAGGER_AND_BOW_M
魔劍精熟,ABC_MAGIC_SWORD_M
卸除影子,ABC_STRIP_SHADOW
深淵匕首,ABC_ABYSS_DAGGER
連鎖射擊,ABC_CHAIN_REACTION_SHOT
萬丈深淵,ABC_FROM_THE_ABYSS
深淵殺手,ABC_ABYSS_SLAYER
終結深淵攻擊,ABC_ABYSS_STRIKE
靈巧刺擊,ABC_DEFT_STAB
深淵墳場,ABC_ABYSS_SQUARE
戰斧踏滅,MT_AXE_STOMP
衝擊撼動,MT_RUSH_QUAKE
製造裝置,MT_M_MACHINE
啟動攻擊裝置,MT_A_MACHINE
啟動防禦裝置,MT_D_MACHINE
雙手斧防禦,MT_TWOAXEDEF
ABR精熟,MT_ABR_M
ABR-決戰勇士,MT_SUMMON_ABR_BATTLE_WARIOR
ABR-雙子加農砲,MT_SUMMON_ABR_DUAL_CANNON
ABR-天網聖母,MT_SUMMON_ABR_MOTHER_NET
ABR-無限戰火,MT_SUMMON_ABR_INFINITY
雙子加農砲火,ABR_DUAL_CANNON_FIRE
決戰破壞者,ABR_BATTLE_BUSTER
修復網,ABR_NET_REPAIR
支援網,ABR_NET_SUPPORT
無穹破壞者,ABR_INFINITY_BUSTER
魔法書精熟,EM_MAGIC_BOOK_M
咒力賦予,EM_SPELL_ENCHANTING
能量燃燼,EM_ACTIVITY_BURN
能量轉換,EM_INCREASING_ACTIVITY
鑽石風暴,EM_DIAMOND_STORM
雷霆陣地,EM_LIGHTNING_LAND
毒液沼澤,EM_VENOM_SWAMP
灼熱岩漿,EM_CONFLAGRATION
大地驅動,EM_TERRA_DRIVE
元素鬥志精熟,EM_ELEMENTAL_SPIRIT_M
召喚元素:阿爾多雷,EM_SUMMON_ELEMENTAL_ARDOR
召喚元素:迪盧比奧,EM_SUMMON_ELEMENTAL_DILUVIO
召喚元素:普羅賽拉,EM_SUMMON_ELEMENTAL_PROCELLA
召喚元素:泰雷莫圖斯,EM_SUMMON_ELEMENTAL_TERREMOTUS
召喚元素:塞爾彭斯,EM_SUMMON_ELEMENTAL_SERPENS
元素破壞,EM_ELEMENTAL_BUSTER
元素天幕,EM_ELEMENTAL_VEIL
火焰神技,EM_EL_FLAMETECHNIC
火焰鎧甲,EM_EL_FLAMEARMOR
火焰隕石,EM_EL_FLAMEROCK
冰凍先鋒,EM_EL_COLD_FORCE
冰晶鎧甲,EM_EL_CRYSTAL_ARMOR
冰河時代,EM_EL_AGE_OF_ICE
恩典微風,EM_EL_GRACE_BREEZE
暴風眼,EM_EL_EYES_OF_STORM
暴風,EM_EL_STORM_WIND
守護大地,EM_EL_EARTH_CARE
強韌防衛,EM_EL_STRONG_PROTECTION
山崩,EM_EL_AVALANCHE
深度中毒,EM_EL_DEEP_POISONING
劇毒護盾,EM_EL_POISON_SHIELD
致命猛毒,EM_EL_DEADLY_POISON
廣域致命魔咒,NPC_DEADLYCURSE2
風暴斬擊,DK_STORMSLASH
瞬間斬擊,IG_OVERSLASH
守護神盾,IG_GUARDIAN_SHIELD
創世之光,LG_RAYOFGENESIS
放逐攻擊,LG_BANISHINGPOINT
召喚地獄樹,BO_HELLTREE
不幸衝擊,ABC_UNLUCKY_RUSH
致命威脅,SC_FATALMENACE
狂暴射擊,ABC_FRENZY_SHOT
魔力巔峰,AG_CLIMAX
次章:審判者,IQ_JUDGE
最終章:驅魔火焰,IQ_THIRD_EXOR_FLAME
節奏射擊,TR_RHYTHMSHOOTING
玫瑰箭矢,TR_ROSEBLOSSOM_ATK
神秘交響曲,TR_MYSTIC_SYMPHONY
高爐鍛造,MH_BLAST_FORGE
回火淬硬,MH_TEMPERING
優雅鼓翼,MH_CLASSY_FLUTTER
旋風切割,MH_TWISTER_CUTTER
絕對微風,MH_ABSOLUTE_ZEPHYR
抓撓複習,MH_BRUSHUP_CLAW
炙烈狂怒,MH_BLAZING_AND_FURIOUS
戰士崛起,MH_THE_ONE_FIGHTER_RISES
研磨細針,MH_POLISHING_NEEDLE
曼陀羅之毒,MH_TOXIN_OF_MANDARA
細針螫刺,MH_NEEDLE_STINGER
光明之角,MH_LICHT_GEHORN
閃光間諜,MH_GLANZEN_SPIES
神聖之馬,MH_HEILIGE_PFERD
金色聲調,MH_GOLDENE_TONE
炙熱熔岩,MH_BLAZING_LAVA
天龍氣息,DK_DRAGONIC_BREATH
閃光衝擊波,MT_SPARK_BLASTER
三連雷射,MT_TRIPLE_LASER
強力粉碎,MT_MIGHTY_SMASH
爆炸炸藥,BO_EXPLOSIVE_POWDER
混亂的荊棘,BO_MAYHEMIC_THORNS
奧丁的祝福,ALL_FULL_THROTTLE
天氣修練,SKE_SKY_MASTERY
兵法修練,SKE_WAR_BOOK_MASTERY
天氣地神,SKE_ENCHANTING_SKY
符咒研究,SOA_TALISMAN_MASTERY
引魂術研究,SOA_SOUL_MASTERY
護身符,SOA_TALISMAN_OF_PROTECTION
武士符,SOA_TALISMAN_OF_WARRIOR
法師符,SOA_TALISMAN_OF_MAGICIAN
城隍廟,SOA_TOTEM_OF_TUTELARY
五行符,SOA_TALISMAN_OF_FIVE_ELEMENTS
天地神靈,SOA_SOUL_OF_HEAVEN_AND_EARTH
靈物互動,SH_MYSTICAL_CREATURE_MASTERY
靈物交流: 鐵虎,SH_COMMUNE_WITH_CHUL_HO
靈物交流: 神龜,SH_COMMUNE_WITH_KI_SUL
神龜灑水砲,SH_KI_SUL_WATER_SPRAYING
神龜劇烈震盪,SH_KI_SUL_RAMPAGE
靈物交流: 玄鹿,SH_COMMUNE_WITH_HYUN_ROK
玄鹿五色角,SH_COLORS_OF_HYUN_ROK
急速交流,SH_TEMPORARY_COMMUNION
靈物祝福,SH_BLESSING_OF_MYSTICAL_CREATURES
P.F.I,NW_P_F_I
榴彈精通,NW_GRENADE_MASTERY
專注瞄準,NW_INTENSIVE_AIM
榴彈碎片,NW_GRENADE_FRAGMENT
自動射擊發射器,NW_AUTO_FIRING_LAUNCHER
王牌出手,NW_HIDDEN_CARD
海市蜃樓,SS_SHINKIROU
致命融化,SS_TOKEDASU
滲透,SS_SHIMIRU
消除惡夢,SS_AKUMUKESU
橫揮斬,DK_HACKANDSLASHER
詭影狩獵,SS_KAGEGARI
詭影舞動,SS_KAGENOMAI
詭影閃光,SS_KAGEGISSEN
風魔飛鏢-掌握,SS_FUUMASHOUAKU
風魔飛鏢-構築,SS_FUUMAKOUCHIKU
飛刀-扭曲,SS_KUNAIWAIKYOKU
飛刀-旋轉,SS_KUNAIKAITEN
飛刀-曲折,SS_KUNAIKUSSETSU
火焰砲,SS_SEKIENHOU
冷焰砲,SS_REIKETSUHOU
雷電砲,SS_RAIDENPOU
金龍砲,SS_KINRYUUHOU
暗戰砲,SS_ANTENPOU
詭影 - 噩夢,SS_KAGEAKUMU
飛刀 - 噩夢,SS_HITOUAKUMU
暗黑龍 - 噩夢,SS_ANKOKURYUUAKUMU
夜裡的警惕,NW_THE_VIGILANTE_AT_NIGHT
夜裡的警惕,NW_THE_VIGILANTE_AT_NIGHT_GUN_SHOTGUN
夜裡的警惕,NW_THE_VIGILANTE_AT_NIGHT_GUN_GATLING
獨一槍彈,NW_ONLY_ONE_BULLET
螺旋射擊,NW_SPIRAL_SHOOTING
梅格競直擊,NW_MAGAZINE_FOR_ONE
曠野之火,NW_WILD_FIRE
初階手榴彈,NW_BASIC_GRENADE
洞中急火,NW_HASTY_FIRE_IN_THE_HOLE
落空手榴彈,NW_GRENADES_DROPPING
任務轟炸機,NW_MISSION_BOMBARD
靈魂聚集,SOA_SOUL_GATHERING
竊魂平安符,SOA_TALISMAN_OF_SOUL_STEALING
死靈淨化,SOA_EXORCISM_OF_MALICIOUS_SOUL
青龍符,SOA_TALISMAN_OF_BLUE_DRAGON
白虎符,SOA_TALISMAN_OF_WHITE_TIGER
朱雀符,SOA_TALISMAN_OF_RED_PHOENIX
玄武符,SOA_TALISMAN_OF_BLACK_TORTOISE
四方神符,SOA_TALISMAN_OF_FOUR_BEARING_GOD
四方五行陣,SOA_CIRCLE_OF_DIRECTIONS_AND_ELEMENTALS
天地一陽,SKE_RISING_SUN
天晨一陽,SKE_NOON_BLAST
天陽,SKE_SUNSET_BLAST
天地一月,SKE_RISING_MOON
天晨一月,SKE_MIDNIGHT_KICK
天月,SKE_DAWN_BREAK
天地萬星,SKE_TWINKLING_GALAXY
天命落星,SKE_STAR_BURST
天星,SKE_STAR_CANNON
天羅萬象,SKE_ALL_IN_THE_SKY
自學策略,HN_SELFSTUDY_TATICS
自學魔法,HN_SELFSTUDY_SOCERY
雙重怪物互擊,HN_DOUBLEBOWLINGBASH
連續盾擊衝撞,HN_SHIELD_CHAIN_RUSH
巨型音速投擲,HN_MEGA_SONIC_BLOW
螺旋擊刺Max,HN_SPIRAL_PIERCE_MAX
隕石術猛擊,HN_METEOR_STORM_BUSTER
雷鳴術風暴,HN_JUPITEL_THUNDER_STORM
新霜凍術,HN_JACK_FROST_NOVA
地獄毀滅,HN_HELLS_DRIVE
地面重力,HN_GROUND_GRAVITATION
念力連擊攻擊,HN_NAPALM_VULCAN_STRIKE
突破極限,HN_BREAKINGLIMIT
突破規矩,HN_RULEBREAK
鐵虎空心爪,SH_CHUL_HO_SONIC_CLAW
鐵虎咆哮,SH_HOWLING_OF_CHUL_HO
虎高空亂打,SH_HOGOGONG_STRIKE
神龜海洋慶典,SH_MARINE_FESTIVAL_OF_KI_SUL
神龜沙雕節,SH_SANDY_FESTIVAL_OF_KI_SUL
玄鹿葉風,SH_HYUN_ROKS_BREEZE
玄鹿砲,SH_HYUN_ROK_CANNON
忍法砲,"SS_SEKIENHOU
SS_REIKETSUHOU
SS_RAIDENPOU
SS_KINRYUUHOU
SS_ANTENPOU"
地獄霜凍,"HN_HELLS_DRIVE
HN_JACK_FROST_NOVA"
強酸禁地,"BO_ACIDIFIED_ZONE_WATER
BO_ACIDIFIED_ZONE_GROUND
BO_ACIDIFIED_ZONE_FIRE
BO_ACIDIFIED_ZONE_WIND"
天龍擊刺,DK_DRAGONIC_PIERCE
帝國威壓,IG_IMPERIAL_PRESSURE
深淵火焰,ABC_ABYSS_FLAME
能量轉換,AG_ENERGY_CONVERSION
超自然流動,EM_PSYCHIC_STREAM
神聖之花,CD_DIVINUS_FLOS
烈火氣彈,IQ_BLAZING_FLAME_BLAST
狂野步,WH_WILD_WALK
天氣神陽,SKE_SKY_SUN
天氣神月,SKE_SKY_MOON
天星知行,SKE_STAR_LIGHT_KICK
危機克服,HN_OVERCOMING_CRISIS
鐵虎亂舞,SH_CHUL_HO_BATTERING
玄鹿的靈力發揮,SH_HYUN_ROK_SPIRIT_POWER