ウィンドウォーク,SN_WINDWALK
ルアフ,AL_RUWACH
メルトダウン,WS_MELTDOWN
マグニフィカート(傭兵),MER_MAGNIFICAT
カートブースト,WS_CARTBOOST
チェイスウォーク,ST_CHASEWALK
リジェクトソード,ST_REJECTSWORD
ヒーター,EL_HEATER
アローバルカン,CG_ARROWVULCAN
月明かりの下で,CG_MOONLIT
マリオネットコントロール,CG_MARIONETTE
スパイラルピアース,LK_SPIRALPIERCE
ヘッドクラッシュ,LK_HEADCRUSH
ジョイントビート,LK_JOINTBEAT
ニューマ,AL_PNEUMA
ナパームバルカン,HW_NAPALMVULCAN
練気功,CH_SOULCOLLECT
マインドブレイカー,PF_MINDBREAKER
メモライズ,PF_MEMORIZE
ウォールオブフォグ,PF_FOGWALL
スパイダーウェブ,PF_SPIDERWEB
メテオアサルト,ASC_METEORASSAULT
クリエイトデッドリーポイズン,ASC_CDP
ママ、パパ、大好き,WE_BABY
ママ、パパ、来て,WE_CALLPARENT
坊や、いらっしゃい,WE_CALLBABY
タイリギ,TK_RUN
フェオリチャギの構え,TK_READYSTORM
フェオリチャギ,TK_STORMKICK
ネリョチャギの構え,TK_READYDOWN
ネリョチャギ,TK_DOWNKICK
テレポート,AL_TELEPORT
トルリョチャギの構え,TK_READYTURN
トルリョチャギ,TK_TURNKICK
アプチャオルリギの構え,TK_READYCOUNTER
アプチャオルリギ,TK_COUNTER
落法,TK_DODGE
ティオアプチャギ,TK_JUMPKICK
穏やかな休息,TK_HPTIME
楽しい休息,TK_SPTIME
ファイト,TK_POWER
暖かい風,TK_SEVENWIND
ノピティギ,TK_HIGHJUMP
太陽と月と星の感情,SG_FEEL
太陽の温もり,SG_SUN_WARM
月の温もり,SG_MOON_WARM
星の温もり,SG_STAR_WARM
太陽の安楽,SG_SUN_COMFORT
ワープポータル,AL_WARP
月の安楽,SG_MOON_COMFORT
星の安楽,SG_STAR_COMFORT
太陽と月と星の憎しみ,SG_HATE
太陽の怒り,SG_SUN_ANGER
月の怒り,SG_MOON_ANGER
星の怒り,SG_STAR_ANGER
太陽の祝福,SG_SUN_BLESS
月の祝福,SG_MOON_BLESS
星の祝福,SG_STAR_BLESS
太陽と月と星の悪魔,SG_DEVIL
永久的な発展,GD_DEVELOPMENT
太陽と月と星の友,SG_FRIEND
太陽と月と星の知識,SG_KNOWLEDGE
太陽と月と星の融合,SG_FUSION
アルケミストの魂,SL_ALCHEMIST
バーサークピッチャー,AM_BERSERKPITCHER
モンクの魂,SL_MONK
ヒール,AL_HEAL
拳聖の魂,SL_STAR
セージの魂,SL_SAGE
ウェポンクイッケン,MER_QUICKEN
クルセイダーの魂,SL_CRUSADER
スーパーノービスの魂,SL_SUPERNOVICE
ナイトの魂,SL_KNIGHT
ウィザードの魂,SL_WIZARD
プリーストの魂,SL_PRIEST
バードとダンサーの魂,SL_BARDDANCER
トロピック,EL_TROPIC
ローグの魂,SL_ROGUE
アサシンの魂,SL_ASSASIN
ブラックスミスの魂,SL_BLACKSMITH
フルアドレナリンラッシュ,BS_ADRENALINE2
ハンターの魂,SL_HUNTER
ソウルリンカーの魂,SL_SOULLINKER
カイゼル,SL_KAIZEL
カアヒ,SL_KAAHI
速度増加,AL_INCAGI
カウプ,SL_KAUPE
カイト,SL_KAITE
カイナ,SL_KAINA
エスティン,SL_STIN
エストン,SL_STUN
エスマ,SL_SMA
エスウ,SL_SWOO
エスク,SL_SKE
エスカ,SL_SKA
プリザーブ,ST_PRESERVE
フルストリップ,ST_FULLSTRIP
武器精錬,WS_WEAPONREFINE
スリムポーションピッチャー,CR_SLIMPITCHER
フルケミカルチャージ,CR_FULLPROTECTION
速度減少,AL_DECAGI
シールドチェーン,PA_SHIELDCHAIN
マナリチャージ,HP_MANARECHARGE
ダブルキャスティング,PF_DOUBLECASTING
ガンバンテイン,HW_GANBANTEIN
グラビテーションフィールド,HW_GRAVITATION
カートターミネーション,WS_CARTTERMINATION
オーバートラストマックス,WS_OVERTHRUSTMAX
私を縛らないで,CG_LONGINGFREEDOM
ヘルモードの杖,CG_HERMODE
運命のタロットカード,CG_TAROTCARD
アシッドデモンストレーション,CR_ACIDDEMONSTRATION
植物栽培,CR_CULTIVATION
テコンミッション,TK_MISSION
転生一次職の魂,SL_HIGH
ワンハンドクイッケン,KN_ONEHAND
アクアベネディクタ,AL_HOLYWATER
トワイライトファーマシー,AM_TWILIGHT1
トワイライトファーマシー2,AM_TWILIGHT2
トワイライトファーマシー3,AM_TWILIGHT3
ビーストストレイフィング,HT_POWER
フリップザコイン,GS_GLITTERING
フライング,GS_FLING
ウィンドカッター,RK_WINDCUTTER
トリプルアクション,GS_TRIPLEACTION
ドラゴンハウリング,RK_DRAGONHOWLING
ブルズアイ,GS_BULLSEYE
リフレッシュ,RK_REFRESH
マッドネスキャンセラー,GS_MADNESSCANCEL
ストームブラスト,RK_STORMBLAST
アジャストメント,GS_ADJUSTMENT
ベナムインプレス,GC_VENOMIMPRESS
インクリージングアキュラシー,GS_INCREASING
新毒製造,GC_CREATENEWPOISON
マジカルバレット,GS_MAGICALBULLET
クラッカー,GS_CRACKER
クローキングエクシード,GC_CLOAKINGEXCEED
シングルアクション,GS_SINGLEACTION
クロスリッパースラッシャー,GC_CROSSRIPPERSLASHER
スネークアイ,GS_SNAKEEYE
クレメンティア,AB_CLEMENTIA
剣修練,SM_SWORD
シグナムクルシス,AL_CRUCIS
トラッキング,GS_TRACKING
ディスアーム,GS_DISARM
ピアーシングショット,GS_PIERCINGSHOT
ラピッドシャワー,GS_RAPIDSHOWER
デスペラード,GS_DESPERADO
ガトリングフィーバー,GS_GATLINGFEVER
ダスト,GS_DUST
フルバスター,GS_FULLBUSTER
スプレッドアタック,GS_SPREADATTACK
グラウンドドリフト,GS_GROUNDDRIFT
投擲修練,NJ_TOBIDOUGU
銭投げ,NJ_ZENYNAGE
エンジェラス,AL_ANGELUS
影跳び,NJ_SHADOWJUMP
空蝉,NJ_UTSUSEMI
影分身,NJ_BUNSINJYUTSU
忍法修練,NJ_NINPOU
紅炎華,NJ_KOUENKA
火炎陣,NJ_KAENSIN
龍炎陣,NJ_BAKUENRYU
氷閃槍,NJ_HYOUSENSOU
水遁,NJ_SUITON
氷柱落し,NJ_HYOUSYOURAKU
風刃,NJ_HUUJIN
雷撃砕,NJ_RAIGEKISAI
ブレッシング,AL_BLESSING
一閃,NJ_ISSEN
キュアー,AL_CURE
所持限界量増加,MC_INCCARRY
ディスカウント,MC_DISCOUNT
オーバーチャージ,MC_OVERCHARGE
プッシュカート,MC_PUSHCART
エルディカスティスへの帰還,RETURN_TO_ELDICASTES
アイテム鑑定,MC_IDENTIFY
アースクエイク,NPC_EARTHQUAKE
サークルオブファイア,EL_CIRCLE_OF_FIRE
露店開設,MC_VENDING
タイダルウェポン,EL_TIDAL_WEAPON
ドラゴンフィアー,NPC_DRAGONFEAR
パルスストライク,NPC_PULSESTRIKE
ヘルジャッジメント,NPC_HELLJUDGEMENT
ワイドサイレンス,NPC_WIDESILENCE
ワイドフリーズ,NPC_WIDEFREEZE
ワイドブリーディング,NPC_WIDEBLEEDING
ワイドストーン,NPC_WIDESTONE
ワイドコンフューズ,NPC_WIDECONFUSE
ワイドスリープ,NPC_WIDESLEEP
イービルランド,NPC_EVILLAND
メマーナイト,MC_MAMMONITE
スローキャスト,NPC_SLOWCAST
致命的な傷,NPC_CRITICALWOUND
アンチマジック,NPC_ANTIMAGIC
ワイドカース,NPC_WIDECURSE
ワイドスタン,NPC_WIDESTUN
ヴァンパイアギフト,NPC_VAMPIRE_GIFT
ワイドソウルドレイン,NPC_WIDESOULDRAIN
所持限界量増加R,ALL_INCCARRY
ヘルの権能,NPC_HELLPOWER
ふくろうの目,AC_OWL
リバースオーキッシュ,ALL_REVERSEORCISH
ホーリーナイト,ALL_WEWISH
ワシの目,AC_VULTURE
集中力向上,AC_CONCENTRATION
ダブルストレイフィング,AC_DOUBLE
治癒の手(ヒール),HLIF_HEAL
ムーンライト,HFLI_MOON
ゼノスラッシャー,MH_XENO_SLASHER
シュタインワンド,MH_STEINWAND
ラーヴァスライド,MH_LAVA_SLIDE
アローシャワー,AC_SHOWER
カプラ雇用,GD_KAFRACONTRACT
両手剣修練,SM_TWOHAND
ダブルアタック,TF_DOUBLE
ランドマイン(傭兵),MA_LANDMINE
リゲイン,MER_REGAIN
ファイアークローク,EL_FIRE_CLOAK
回避率増加,TF_MISS
ウィンドスラッシュ,EL_WIND_SLASH
スティール,TF_STEAL
ハイディング,TF_HIDING
インベナム,TF_POISON
解毒,TF_DETOXIFY
リザレクション,ALL_RESURRECTION
槍修練,KN_SPEARMASTERY
ガーディアン研究,GD_GUARDRESEARCH
ピアース,KN_PIERCE
サンドマン(傭兵),MA_SANDMAN
テンダー,MER_TENDER
ファイアーマントル,EL_FIRE_MANTLE
ブランディッシュスピア,KN_BRANDISHSPEAR
ハリケーンレイジ,EL_HURRICANE
スピアスタブ,KN_SPEARSTAB
スピアブーメラン,KN_SPEARBOOMERANG
ツーハンドクイッケン,KN_TWOHANDQUICKEN
オートカウンター,KN_AUTOCOUNTER
ボウリングバッシュ,KN_BOWLINGBASH
チャージアタック,KN_CHARGEATK
シュリンク,CR_SHRINK
ソニックアクセラレーション,AS_SONICACCEL
ベナムナイフ,AS_VENOMKNIFE
クローズコンファイン,RG_CLOSECONFINE
サイトブラスター,WZ_SIGHTBLASTER
ライディング,KN_RIDING
ウォーターエレメンタルチェンジ,SA_ELEMENTWATER
ファンタズミックアロー,HT_PHANTASMIC
パンボイス,BA_PANGVOICE
魅惑のウィンク,DC_WINKCHARM
フェイクゼニー,BS_UNFAIRLYTRICK
グリード,BS_GREED
レディムプティオ,PR_REDEMPTIO
気功転移,MO_KITRANSLATION
寸勁,MO_BALKYOUNG
アースエレメンタルチェンジ,SA_ELEMENTGROUND
ファイアーエレメンタルチェンジ,SA_ELEMENTFIRE
ウィンドエレメンタルチェンジ,SA_ELEMENTWIND
HP回復力向上,SM_RECOVERY
騎兵修練,KN_CAVALIERMASTERY
ハイネスヒール,AB_HIGHNESSHEAL
デュプレライト,AB_DUPLELIGHT_MELEE
ベネディクション,MER_BENEDICTION
メイス修練,PR_MACEMASTERY
ウォータースクリーン,EL_WATER_SCREEN
イムポシティオマヌス,PR_IMPOSITIO
サフラギウム,PR_SUFFRAGIUM
アスペルシオ,PR_ASPERSIO
聖体降福,PR_BENEDICTIO
シエナエクセクレイト,WL_SIENNAEXECRATE
クリムゾンロック,WL_CRIMSONROCK
サモンボールライトニング,WL_SUMMONBL
サモンボールライトニング,WL_SUMMON_ATK_WIND
リーディングスペルブック,WL_READING_SB
サンクチュアリ,PR_SANCTUARY
クラスターボム,RA_CLUSTERBOMB
ウォーグストライク,RA_WUGSTRIKE
カモフラージュ,RA_CAMOUFLAGE
メイズトラップ,RA_MAIZETRAP
魔導ギアライセンス,NC_MADOLICENCE
フレイムスローワー,NC_FLAMELAUNCHER
ホバーリング,NC_HOVERING
スローポイズン,PR_SLOWPOISON
アナライズ,NC_ANALYZE
リペア,NC_REPAIR
FAW 解体,NC_DISJOINT
シャドウフォーム,SC_SHADOWFORM
デッドリーインフェクト,SC_DEADLYINFECT
マスカレード：レイジネス,SC_LAZINESS
リカバリー,PR_STRECOVERY
ブラッディラスト,SC_BLOODYLUST
キャノンスピア,LG_CANNONSPEAR
リフレクトダメージ,LG_REFLECTDAMAGE
シールドスペル,LG_SHIELDSPELL
バンディング,LG_BANDING
アースドライブ,LG_EARTHDRIVE
天羅地網,SR_SKYNETBLOW
キリエエレイソン,PR_KYRIE
閃電歩,SR_LIGHTNINGWALK
羅刹破凰撃,SR_GATEOFHELL
点穴 -反-,SR_GENTLETOUCH_CHANGE
恋人たちの為のシンフォニー,WA_SYMPHONY_OF_LOVER
マグニフィカート,PR_MAGNIFICAT
ハーモナイズ,MI_HARMONIZE
グロリア,PR_GLORIA
地獄の歌,WM_POEMOFNETHERWORLD
循環する自然の音,WM_SIRCLEOFNATURE
レックスディビーナ,PR_LEXDIVINA
レーラズの霧,WM_LERADS_DEW
ファイアーウォーク,SO_FIREWALK
ダイヤモンドダスト,SO_DIAMONDDUST
ストライキング,SO_STRIKING
アルージョ,SO_ARRULLO
ターンアンデッド,PR_TURNUNDEAD
エレメンタルシンパシー,SO_EL_SYMPATHY
ウィンドインシグニア,SO_WIND_INSIGNIA
カート改造,GN_REMODELING_CART
ソーントラップ,GN_THORNS_TRAP
クレイジーウィード,GN_CRAZYWEED
クレイジーウィード,GN_CRAZYWEED_ATK
レックスエーテルナ,PR_LEXAETERNA
ミックスクッキング,GN_MIX_COOKING
ギルド拡張,GD_EXTENSION
サクラメント,AB_SECRAMENT
マグヌスエクソシズム,PR_MAGNUS
買取露店開設,ALL_BUYING_STORE
バッシュ,SM_BASH
ファイアーピラー,WZ_FIREPILLAR
リムーブトラップ(傭兵),MA_REMOVETRAP
リキュペレート,MER_RECUPERATE
サイトラッシャー,WZ_SIGHTRASHER
ウォータードロップ,EL_WATER_DROP
タイフーンミサイル,EL_TYPOON_MIS
メテオストーム,WZ_METEOR
ユピテルサンダー,WZ_JUPITEL
ロードオブヴァーミリオン,WZ_VERMILION
ウォーターボール,WZ_WATERBALL
アイスウォール,WZ_ICEWALL
フロストノヴァ,WZ_FROSTNOVA
ストームガスト,WZ_STORMGUST
アーススパイク,WZ_EARTHSPIKE
ヘヴンズドライブ,WZ_HEAVENDRIVE
クァグマイア,WZ_QUAGMIRE
モンスター情報,WZ_ESTIMATION
脳手術,HLIF_BRAIN
オーバードスピード,HFLI_SPEED
ニードルオブパラライズ,MH_NEEDLE_OF_PARALYZE
スタイルチェンジ,MH_STYLE_CHANGE
アングリフスモドス,MH_ANGRIFFS_MODUS
ボルカニックアッシュ,MH_VOLCANIC_ASH
鉄製造,BS_IRON
鋼鉄製造,BS_STEEL
プロボック,SM_PROVOKE
属性石製造,BS_ENCHANTEDSTONE
チャージアロー(傭兵),MA_CHARGEARROW
メンタルキュアー,MER_MENTALCURE
オリデオコン研究,BS_ORIDEOCON
ウォーターバリア,EL_WATER_BARRIER
短剣製作,BS_DAGGER
剣製作,BS_SWORD
両手剣製作,BS_TWOHANDSWORD
斧製作,BS_AXE
メイス製作,BS_MACE
ナックル製作,BS_KNUCKLE
槍製作,BS_SPEAR
ヒルトバインディング,BS_HILTBINDING
鉱石発見,BS_FINDINGORE
武器研究,BS_WEAPONRESEARCH
武器修理,BS_REPAIRWEAPON
スキンテンパリング,BS_SKINTEMPER
ハンマーフォール,BS_HAMMERFALL
偉大なる指導力,GD_LEADERSHIP
アドレナリンラッシュ,BS_ADRENALINE
マグナムブレイク,SM_MAGNUM
ウェポンパーフェクション,BS_WEAPONPERFECT
シャープシューティング(傭兵),MA_SHARPSHOOTING
コンプレス,MER_COMPRESS
オーバートラスト,BS_OVERTHRUST
ウィンドステップ,EL_WIND_STEP
マキシマイズパワー,BS_MAXIMIZE
ストーンハンマー,EL_STONE_HAMMER
スキッドトラップ,HT_SKIDTRAP
ランドマイン,HT_LANDMINE
アンクルスネア,HT_ANKLESNARE
ショックウェーブトラップ,HT_SHOCKWAVE
サンドマン,HT_SANDMAN
フラッシャー,HT_FLASHER
フリージングトラップ,HT_FREEZINGTRAP
ブラストマイン,HT_BLASTMINE
クレイモアトラップ,HT_CLAYMORETRAP
リムーブトラップ,HT_REMOVETRAP
トーキーボックス,HT_TALKIEBOX
ハンドレッドスピア,RK_HUNDREDSPEAR
イグニッションブレイク,RK_IGNITIONBREAK
ファイアードラゴンブレス,RK_DRAGONBREATH
ルーンマスタリー,RK_RUNEMASTERY
クラッシュストライク,RK_CRUSHSTRIKE
ビーストベイン,HT_BEASTBANE
バイタリティアクティベーション,RK_VITALITYACTIVATION
ファイティングスピリット,RK_FIGHTINGSPIRIT
ファントムスラスト,RK_PHANTOMTHRUST
クロスインパクト,GC_CROSSIMPACT
新毒研究,GC_RESEARCHNEWPOISON
アンチドート,GC_ANTIDOTE
ウェポンブロッキング,GC_WEAPONBLOCKING
ファルコンマスタリー,HT_FALCON
ポイズンスモーク,GC_POISONSMOKE
ファントムメナス,GC_PHANTOMMENACE
ローリングカッター,GC_ROLLINGCUTTER
アドラムス,AB_ADORAMUS
カントキャンディダス,AB_CANTO
インデュア,SM_ENDURE
スチールクロウ,HT_STEELCROW
ラウダラムス,AB_LAUDARAMUS
クリアランス,AB_CLEARANCE
デュプレライト,AB_DUPLELIGHT_MAGIC
ブリッツビート,HT_BLITZBEAT
ディテクティング,HT_DETECTING
スプリングトラップ,HT_SPRINGTRAP
ウィンドカーテン,EL_WIND_CURTAIN
右手修練,AS_RIGHT
ロッククラッシャー,EL_ROCK_CRUSHER
左手修練,AS_LEFT
カタール修練,AS_KATAR
クローキング,AS_CLOAKING
ソニックブロー,AS_SONICBLOW
グリムトゥース,AS_GRIMTOOTH
エンチャントポイズン,AS_ENCHANTPOISON
ラディウス,WL_RADIUS
ヘルインフェルノ,WL_HELLINFERNO
アースストレイン,WL_EARTHSTRAIN
ポイズンリアクト,AS_POISONREACT
サモンウォーターボール,WL_SUMMONWB
サモンウォーターボール,WL_SUMMON_ATK_WATER
ベナムダスト,AS_VENOMDUST
ウォーグマスタリー,RA_WUGMASTERY
ウォーグバイト,RA_WUGBITE
ベナムスプラッシャー,AS_SPLASHER
ブーストナックル,NC_BOOSTKNUCKLE
コールドスローワー,NC_COLDSLOWER
フロントサイドスライド,NC_F_SIDESLIDE
応急手当,NV_FIRSTAID
マグネティックフィールド,NC_MAGNETICFIELD
斧鍛錬,NC_TRAININGAXE
アックストルネード,NC_AXETORNADO
死んだふり,NV_TRICKDEAD
トライアングルショット,SC_TRIANGLESHOT
マスカレード：エナベーション,SC_ENERVATION
SP回復力向上,MG_SRECOVERY
移動時HP回復,SM_MOVINGRECOVERY
バニシングポイント,LG_BANISHINGPOINT
ピンポイントアタック,LG_PINPOINTATTACK
急所攻撃,SM_FATALBLOW
ムーンスラッシャー,LG_MOONSLASHER
ヘスペルスリット,LG_HESPERUSLIT
地雷震,SR_EARTHSHAKER
オートバーサーク,SM_AUTOBERSERK
吸気功,SR_ASSIMILATEPOWER
点穴 -默-,SR_GENTLETOUCH_QUIET
矢作成,AC_MAKINGARROW
月明かりのセレナーデ,WA_MOONLIT_SERENADE
チャージアロー,AC_CHARGEARROW
砂まき,TF_SPRINKLESAND
バックステップ,TF_BACKSLIDING
石拾い,TF_PICKSTONE
セイレーンの声,WM_VOICEOFSIREN
不確定要素の言語,WM_RANDOMIZESPELL
石投げ,TF_THROWSTONE
メロディーオブシンク,WM_MELODYOFSINK
カートレボリューション,MC_CARTREVOLUTION
ポイズンバスター,SO_POISON_BUSTER
ウォーマー,SO_WARMER
エレメンタルコントロール,SO_EL_CONTROL
チェンジカート,MC_CHANGECART
カートデコレーション,MC_CARTDECORATE
エレメンタルキュアー,SO_EL_CURE
アースインシグニア,SO_EARTH_INSIGNIA
ラウドボイス,MC_LOUD
ブラッドサッカー,GN_BLOOD_SUCKER
ホーリーライト,AL_HOLYLIGHT
爆弾製造,GN_MAKEBOMB
冷静な心,GD_SOULCOLD
エナジーコート,MG_ENERGYCOAT
守護者の呼びかけ,ALL_GUARDIAN_RECALL
サイト,MG_SIGHT
バッシュ(傭兵),MS_BASH
ブランディッシュスピア(傭兵),ML_BRANDISH
オートバーサーク(傭兵),MER_AUTOBERSERK
ゼファー,EL_ZEPHYR
ファイアーアロー,EL_FIRE_ARROW
ナパームビート,MG_NAPALMBEAT
キャッスリング,HAMI_CASTLE
カプリス,HVAN_CAPRICE
ペインキラー,MH_PAIN_KILLER
シルバーベインラッシュ,MH_SILVERVEIN_RUSH
C.B.C,MH_CBC
鋭い視線,GD_HAWKEYES
セイフティウォール,MG_SAFETYWALL
マグナムブレイク(傭兵),MS_MAGNUM
スパイラルピアース,ML_SPIRALPIERCE
速度減少(傭兵),MER_DECAGI
ソリッドスキン,EL_SOLID_SKIN
ファイアーボム,EL_FIRE_BOMB
ストーンレイン,EL_STONE_RAIN
ソウルストライク,MG_SOULSTRIKE
スナッチャー,RG_SNATCHER
スティールコイン,RG_STEALCOIN
バックスタブ,RG_BACKSTAP
トンネルドライブ,RG_TUNNELDRIVE
サプライズアタック,RG_RAID
ストリップウェポン,RG_STRIPWEAPON
ストリップシールド,RG_STRIPSHIELD
ストリップアーマー,RG_STRIPARMOR
ストリップヘルム,RG_STRIPHELM
インティミデイト,RG_INTIMIDATE
グラフィティ,RG_GRAFFITI
臨戦態勢,GD_BATTLEORDER
フラッググラフィティ,RG_FLAGGRAFFITI
クリーナー,RG_CLEANER
ギャングスターパラダイス,RG_GANGSTER
コールドボルト,MG_COLDBOLT
コンパルションディスカウント,RG_COMPULSION
ボウリングバッシュ(傭兵),MS_BOWLINGBASH
ディフェンダー(傭兵),ML_DEFENDER
クローンスキル,RG_PLAGIARISM
双龍脚,SR_DRAGONCOMBO
ストリップアクセサリー,SC_STRIPACCESSARY
栄光の傷,GD_GLORYWOUNDS
斧修練,AM_AXEMASTERY
ガーディアン強化,GD_GUARDUP
正規ギルド承認,GD_APPROVAL
速度増加(傭兵),MER_INCAGI
ラーニングポーション,AM_LEARNINGPOTION
ブレッシング(傭兵),MER_BLESSING
キリエエレイソン(傭兵),MER_KYRIE
ストーンシールド,EL_STONE_SHIELD
ファーマシー,AM_PHARMACY
モンスター情報(傭兵),MER_ESTIMATION
レックスディビーナ(傭兵),MER_LEXDIVINA
スケープゴート,MER_SCAPEGOAT
デモンストレーション,AM_DEMONSTRATION
プロボック(傭兵),MER_PROVOKE
クラッシュ,MER_CRASH
サイト(傭兵),MER_SIGHT
アシッドテラー,AM_ACIDTERROR
オートガード(傭兵),ML_AUTOGUARD
ピアース(傭兵),ML_PIERCE
ポーションピッチャー,AM_POTIONPITCHER
フリージングトラップ(傭兵),MA_FREEZINGTRAP
スキッドトラップ(傭兵),MA_SKIDTRAP
アローシャワー(傭兵),MA_SHOWER
バイオプラント,AM_CANNIBALIZE
ダブルストレイフィング(傭兵),MA_DOUBLE
バーサーク(傭兵),MS_BERSERK
リフレクトシールド(傭兵),MS_REFLECTSHIELD
スフィアーマイン,AM_SPHEREMINE
パリイング(傭兵),MS_PARRYING
パイロクラスティック,MH_PYROCLASTIC
グラニティックアーマー,MH_GRANITIC_ARMOR
ケミカルウェポンチャージ,AM_CP_WEAPON
マグマフロー,MH_MAGMA_FLOW
ブラスト,EL_BLAST
ティンダーブレイカー,MH_TINDER_BREAKER
ケミカルシールドチャージ,AM_CP_SHIELD
ハイリエージュスタンジェ,MH_HEILIGE_STANGE
ゴールデンペルジェ,MH_GOLDENE_FERSE
カウンターヒール,NPC_ALLHEAL
ケミカルアーマーチャージ,AM_CP_ARMOR
ペトロロジー,EL_PETROLOGY
ソニッククロー,MH_SONIC_CRAW
サイレントブリーズ,MH_SILENT_BREEZE
ケミカルヘルムチャージ,AM_CP_HELM
イレイサーカッター,MH_ERASER_CUTTER
オーバードブースト,MH_OVERED_BOOST
再生の光,MH_LIGHT_OF_REGENE
生命倫理,AM_BIOETHICS
ポイズンミスト,MH_POISON_MIST
サモンレギオン,MH_SUMMON_LEGION
バイオエクスプロージョン,HVAN_EXPLOSION
生命工学研究,AM_BIOTECHNOLOGY
クリエイトコンバーター,SA_CREATECON
ワイルドストーム,EL_WILD_STORM
フロストダイバー,MG_FROSTDIVER
S.B.R.44,HFLI_SBR44
フリットムーブ,HFLI_FLEET
ブラッドラスト,HAMI_BLOODLUST
カルティベイション,AM_CULTIVATION
アダマンティウムスキン,HAMI_SKIN
カーズドソイル,EL_CURSED_SOIL
メンタルチェンジ,HLIF_CHANGE
フレイムコントロール,AM_FLAMECONTROL
緊急回避,HLIF_AVOID
オーバーブランド,LG_OVERBRAND
オーバーブランド,LG_OVERBRAND_BRANDISH
オーバーブランド,LG_OVERBRAND_PLUSATK
コールホムンクルス,AM_CALLHOMUN
雷光弾,SR_RIDEINLIGHTNING
獅子吼,SR_HOWLINGOFLION
號砲,SR_TIGERCANNON
安息,AM_REST
チェンジマテリアル,GN_CHANGEMATERIAL
スリングアイテム,GN_SLINGITEM
スリングアイテム,GN_SLINGITEM_RANGEMELEEATK
ハウリングオブマンドラゴラ,GN_MANDRAGORA
ヘルズプラント,GN_HELLS_PLANT
ヘルズプラント,GN_HELLS_PLANT_ATK
ファイアーエクスパンション,GN_FIRE_EXPANSION
ファイアーエクスパンション,GN_FIRE_EXPANSION_SMOKE_POWDER
ファイアーエクスパンション,GN_FIRE_EXPANSION_TEAR_GAS
ファイアーエクスパンション,GN_FIRE_EXPANSION_ACID
デモニックファイアー,GN_DEMONIC_FIRE
ソーンウォール,GN_WALLOFTHORN
破碎柱,SR_CRESCENTELBOW
破碎柱,SR_CRESCENTELBOW_AUTOSPELL
改造カートブースト,GN_CARTBOOST
リザレクションホムンクルス,AM_RESURRECTHOMUN
カートキャノン,GN_CARTCANNON
剣鍛錬,GN_TRAINING_SWORD
フェイス,CR_TRUST
ウォータースクリュー,EL_WATER_SCREW
アイスニードル,EL_ICE_NEEDLE
オートガード,CR_AUTOGUARD
ファイアーウェーブ,EL_FIRE_WAVE
シールドチャージ,CR_SHIELDCHARGE
アップヒーバル,EL_UPHEAVAL
ディフェンス,HAMI_DEFENCE
カオティックベネディクション,HVAN_CHAOTIC
シールドブーメラン,CR_SHIELDBOOMERANG
ミッドナイトフレンジ,MH_MIDNIGHT_FRENZY
E.Q.C,MH_EQC
ガスト,EL_GUST
リフレクトシールド,CR_REFLECTSHIELD
チリエアー,EL_CHILLY_AIR
クーラー,EL_COOLER
激励,GD_REGENERATION
ホーリークロス,CR_HOLYCROSS
クラウドキル,SO_CLOUD_KILL
アクアプレイ,EL_AQUAPLAY
エレメンタルアクション,SO_EL_ACTION
グランドクロス,CR_GRANDCROSS
ウォーターインシグニア,SO_WATER_INSIGNIA
潜龍昇天,SR_RAISINGDRAGON
全気注入,SR_POWERVELOCITY
ディボーション,CR_DEVOTION
サモンアクア,SO_SUMMON_AQUA
基本スキル,NV_BASIC
ストーンカース,MG_STONECURSE
プロヴィデンス,CR_PROVIDENCE
エウカリスティカ,AB_EUCHARISTICA
ディフェンダー,CR_DEFENDER
シレンティウム,AB_SILENTIUM
スピアクイッケン,CR_SPEARQUICKEN
サモンテラ,SO_SUMMON_TERA
鉄拳,MO_IRONHAND
サモンベントス,SO_SUMMON_VENTUS
息吹,MO_SPIRITSRECOVERY
エレメンタルアナライシス,SO_EL_ANALYSIS
気功,MO_CALLSPIRITS
気奪,MO_ABSORBSPIRITS
バキュームエクストリーム,SO_VACUUM_EXTREME
三段掌,MO_TRIPLEATTACK
パワーオブガイア,EL_POWER_OF_GAIA
残影,MO_BODYRELOCATION
点穴 -球-,SR_GENTLETOUCH_ENERGYGAIN
見切り,MO_DODGE
アースグレイヴ,SO_EARTHGRAVE
発勁,MO_INVESTIGATE
指弾,MO_FINGEROFFENSIVE
エレクトリックウォーク,SO_ELECTRICWALK
金剛,MO_STEELBODY
エンドレスハミングボイス,WM_UNLIMITED_HUMMING_VOICE
白刃取り,MO_BLADESTOP
スイングダンス,WA_SWING_DANCE
爆裂波動,MO_EXPLOSIONSPIRITS
フライデーナイトフィーバー,WM_SATURDAY_NIGHT_FEVER
阿修羅覇凰拳,MO_EXTREMITYFIST
ファイアーボール,MG_FIREBALL
連打掌,MO_CHAINCOMBO
サウンドオブディストラクション,WM_SOUND_OF_DESTRUCTION
猛龍拳,MO_COMBOFINISH
ダンスウィズウォーグ,WM_DANCE_WITH_WUG
アドバンスドブック,SA_ADVANCEDBOOK
マナの歌,WM_SONG_OF_MANA
キャストキャンセル,SA_CASTCANCEL
ホワイトインプリズン,WL_WHITEIMPRISON
マジックロッド,SA_MAGICROD
ステイシス,WL_STASIS
スペルブレイカー,SA_SPELLBREAKER
テトラボルテックス,WL_TETRAVORTEX_FIRE
テトラボルテックス,WL_TETRAVORTEX_WATER
テトラボルテックス,WL_TETRAVORTEX_WIND
テトラボルテックス,WL_TETRAVORTEX_GROUND
フリーキャスト,SA_FREECAST
グレートエコー,WM_GREAT_ECHO
オートマジシャンスペル,SA_AUTOSPELL
アローストーム,RA_ARROWSTORM
フレイムランチャー,SA_FLAMELAUNCHER
ウォーグライダー,RA_WUGRIDER
フロストウェポン,SA_FROSTWEAPON
マゼンタトラップ,RA_MAGENTATRAP
ライトニングローダー,SA_LIGHTNINGLOADER
パイルバンカー,NC_PILEBUNKER
サイズミックウェポン,SA_SEISMICWEAPON
リアサイドスライド,NC_B_SIDESLIDE
ドラゴノロジー,SA_DRAGONOLOGY
ニュートラルバリアー,NC_NEUTRALBARRIER
ボルケーノ,SA_VOLCANO
FAW シルバースナイパー,NC_SILVERSNIPER
デリュージ,SA_DELUGE
ボディペインティング,SC_BODYPAINT
バイオレントゲイル,SA_VIOLENTGALE
ファイアーウォール,MG_FIREWALL
ランドプロテクター,SA_LANDPROTECTOR
メランコリー,WM_GLOOMYDAY
ディスペル,SA_DISPELL
フォースオブバンガード,LG_FORCEOFVANGUARD
アブラカタブラ,SA_ABRACADABRA
チェンジポリン,SA_MONOCELL
クラスチェンジ,SA_CLASSCHANGE
旋風腿,SR_WINDMILL
サモンモンスター,SA_SUMMONMONSTER
点穴 -快-,SR_GENTLETOUCH_CURE
リバースオーキッシュ,SA_REVERSEORCISH
安らぎの子守唄,WM_LULLABY_DEEPSLEEP
デス,SA_DEATH
生死の境で,WM_DEADHILLHERE
フォーチュン,SA_FORTUNE
シビアレインストーム,WM_SEVERE_RAINSTORM
シビアレインストーム,WM_SEVERE_RAINSTORM_MELEE
テイミングモンスター,SA_TAMINGMONSTER
風車に向かって突撃,MI_RUSH_WINDMILL
？,SA_QUESTION
振動残響,WM_REVERBERATION
振動残響,WM_REVERBERATION_MELEE
振動残響,WM_REVERBERATION_MAGIC
レベルアップ,SA_LEVELUP
レッスン,WM_LESSON
インスタントデス,SA_INSTANTDEATH
エコーの歌,MI_ECHOSONG
フルリカバリー,SA_FULLRECOVERY
ドミニオンインパルス,WM_DOMINION_IMPULSE
コーマ,SA_COMA
ファイアーボルト,MG_FIREBOLT
アドリブ,BD_ADAPTATION
ビヨンドオブウォークライ,WM_BEYOND_OF_WARCRY
アンコール,BD_ENCORE
点穴 -活-,SR_GENTLETOUCH_REVITALIZE
子守歌,BD_LULLABY
サイキックウェーブ,SO_PSYCHIC_WAVE
ニヨルドの宴,BD_RICHMANKIM
サモンアグニ,SO_SUMMON_AGNI
永遠の混沌,BD_ETERNALCHAOS
ファイアーインシグニア,SO_FIRE_INSIGNIA
戦太鼓の響き,BD_DRUMBATTLEFIELD
呪縛陣,SR_CURSEDCIRCLE
ニーベルングの指輪,BD_RINGNIBELUNGEN
ロキの叫び,BD_ROKISWEIL
爆気散弾,SR_RAMPAGEBLASTER
深淵の中に,BD_INTOABYSS
スペシャルファーマシー,GN_S_PHARMACY
不死身のジークフリード,BD_SIEGFRIED
治療,GD_RESTORE
インスピレーション,LG_INSPIRATION
楽器の練習,BA_MUSICALLESSON
パイエティ,LG_PIETY
ミュージカルストライク,BA_MUSICALSTRIKE
プレスティージ,LG_PRESTIGE
不協和音,BA_DISSONANCE
オーディンの力,ALL_ODINS_POWER
寒いジョーク,BA_FROSTJOKE
イクシードブレイク,LG_EXEEDBREAK
口笛,BA_WHISTLE
ライトニングボルト,MG_LIGHTNINGBOLT
夕陽のアサシンクロス,BA_ASSASSINCROSS
レイジバーストアタック,LG_RAGEBURST
ブラギの詩,BA_POEMBRAGI
ブラギの詩,BA_POEMBRAGI2
ディボーション(傭兵),ML_DEVOTION
イドゥンの林檎,BA_APPLEIDUN
トランプル,LG_TRAMPLE
ダンスの練習,DC_DANCINGLESSON
メイルストーム,SC_MAELSTROM
矢撃ち,DC_THROWARROW
カオスパニック,SC_CHAOSPANIC
自分勝手なダンス,DC_UGLYDANCE
ディメンションドア,SC_DIMENSIONDOOR
スクリーム,DC_SCREAM
マンホール,SC_MANHOLE
ハミング,DC_HUMMING
パイロテクニック,EL_PYROTECHNIC
私を忘れないで…,DC_DONTFORGETME
マスカレード：ウィークネス,SC_WEAKNESS
幸運のキス,DC_FORTUNEKISS
マスカレード：アンラッキー,SC_UNLUCKY
サービスフォーユー,DC_SERVICEFORYOU
マスカレード：イグノアランス,SC_IGNORANCE
マスカレード：グルーミー,SC_GROOMY
インビジビリティ,SC_INVISIBILITY
オートシャドウスペル,SC_AUTOSHADOWSPELL
リプロデュース,SC_REPRODUCE
FAW マジックデコイ,NC_MAGICDECOY
君だけは護るよ,WE_MALE
アックスブーメラン,NC_AXEBOOMERANG
あなたに尽くします,WE_FEMALE
サンダーストーム,MG_THUNDERSTORM
あなたに逢いたい,WE_CALLPARTNER
火と大地の研究,NC_RESEARCHFE
トマホーク投げ,ITM_TOMAHAWK
ステルスフィールド,NC_STEALTHFIELD
インフラレッドスキャン,NC_INFRAREDSCAN
エマージェンシークール,NC_EMERGENCYCOOL
シェイプシフト,NC_SHAPESHIFT
セルフディストラクション,NC_SELFDESTRUCTION
メインフレーム改造,NC_MAINFRAME
アクセラレーション,NC_ACCELERATION
バルカンアーム,NC_VULCANARM
アイスバウンドトラップ,RA_ICEBOUNDTRAP
ファイアリングトラップ,RA_FIRINGTRAP
ヴェルデュールトラップ,RA_VERDURETRAP
コバルトトラップ,RA_COBALTTRAP
鋭敏な嗅覚,RA_SENSITIVEKEEN
トゥースオブウォーグ,RA_TOOTHOFWUG
ウォーグダッシュ,RA_WUGDASH
エレクトリックショッカー,RA_ELECTRICSHOCKER
デトネイター,RA_DETONATOR
レンジャーメイン,RA_RANGERMAIN
フィアーブリーズ,RA_FEARBREEZE
リリース,WL_RELEASE
サモンストーン,WL_SUMMONSTONE
サモンストーン,WL_SUMMON_ATK_GROUND
サモンファイアーボール,WL_SUMMONFB
サモンファイアーボール,WL_SUMMON_ATK_FIRE
チェーンライトニング,WL_CHAINLIGHTNING
チェーンライトニング,WL_CHAINLIGHTNING_ATK
コメット,WL_COMET
ドレインライフ,WL_DRAINLIFE
リコグナイズドスペル,WL_RECOGNIZEDSPELL
ディバインプロテクション,AL_DP
マーシュオブアビス,WL_MARSHOFABYSS
ジャックフロスト,WL_JACKFROST
フロストミスティ,WL_FROSTMISTY
ソウルエクスパンション,WL_SOULEXPANSION
デュプレライト,AB_DUPLELIGHT
エクスピアティオ,AB_EXPIATIO
オーラブレイド,LK_AURABLADE
パリイング,LK_PARRYING
ラウダアグヌス,AB_LAUDAAGNUS
コンセントレイション,LK_CONCENTRATION
オラティオ,AB_ORATIO
テンションリラックス,LK_TENSIONRELAX
プラエファティオ,AB_PRAEFATIO
バーサーク,LK_BERSERK
エピクレシス,AB_EPICLESIS
コルセオヒール,AB_CHEAL
アンシラ,AB_ANCILLA
アスムプティオ,HP_ASSUMPTIO
ハルシネーションウォーク,GC_HALLUCINATIONWALK
バジリカ,HP_BASILICA
ベナムプレッシャー,GC_VENOMPRESSURE
メディタティオ,HP_MEDITATIO
ウェポンクラッシュ,GC_WEAPONCRUSH
ソウルドレイン,HW_SOULDRAIN
ポイズニングウェポン,GC_POISONINGWEAPON
マジッククラッシャー,HW_MAGICCRASHER
ダークイリュージョン,GC_DARKILLUSION
魔法力増幅,HW_MAGICPOWER
アバンダンス,RK_ABUNDANCE
プレッシャー,PA_PRESSURE
デーモンベイン,AL_DEMONBANE
サクリファイス,PA_SACRIFICE
ストーンハードスキン,RK_STONEHARDSKIN
ゴスペル,PA_GOSPEL
ジャイアントグロース,RK_GIANTGROWTH
猛虎硬爬山,CH_PALMSTRIKE
ミレニアムシールド,RK_MILLENNIUMSHIELD
伏虎拳,CH_TIGERFIST
ドラゴントレーニング,RK_DRAGONTRAINING
連柱崩撃,CH_CHAINCRUSH
デスバウンド,RK_DEATHBOUND
生命力変換,PF_HPCONVERSION
チェンジインストラクション,HVAN_INSTRUCT
ソウルチェンジ,PF_SOULCHANGE
シュタールホーン,MH_STAHL_HORN
ソウルバーン,PF_SOULBURN
マジックミラー,NPC_MAGICMIRROR
カタール研究,ASC_KATAR
緊急招集,GD_EMERGENCYCALL
エンチャントデッドリーポイズン,ASC_EDP
ソウルブレイカー,ASC_BREAKER
トゥルーサイト,SN_SIGHT
ファルコンアサルト,SN_FALCONASSAULT
念,NJ_NEN
シャープシューティング,SN_SHARPSHOOTING
畳返し,NJ_TATAMIGAESHI
チェーンアクション,GS_CHAINACTION
闇雲,KO_YAMIKUMO
右手鍛錬,KO_RIGHT
左手鍛錬,KO_LEFT
黄泉返し,KO_SETSUDAN
爆裂苦無,KO_BAKURETSU
八方苦無,KO_HAPPOKUNAI
無茶投げ,KO_MUCHANAGE
撒菱,KO_MAKIBISHI
明鏡止水,KO_MEIKYOUSISUI
幻術 -影武者-,KO_ZANZOU
幻術 -驚愕-,KO_KYOUGAKU
幻術 -呪殺-,KO_JYUSATSU
火符：炎天,KO_KAHU_ENTEN
氷符：吹雪,KO_HYOUHU_HUBUKI
風符：青嵐,KO_KAZEHU_SEIRAN
土符：剛塊,KO_DOHU_KOUKAI
術式 -解放-,KO_KAIHOU
術式 -展開-,KO_ZENKAI
幻術 -幻惑-,KO_GENWAKU
十六夜,KO_IZAYOI
幻術 -影踏み-,KG_KAGEHUMI
幻術 -虚無の影-,KG_KYOMU
幻術 -分身-,KG_KAGEMUSYA
幻術 -残月-,OB_ZANGETSU
幻術 -朧幻想-,OB_OBOROGENSOU
幻術 -朧幻想-,OB_OBOROGENSOU_TRANSITION_ATK
幻術 -紅月-,OB_AKAITSUKI
エクラージュへの帰還,ECLAGE_RECALL
スノーフリップ,ECL_SNOWFLIP
ピオニーマミー,ECL_PEONYMAMY
ぴしゃりハーブ,ECL_SADAGUI
世界樹のほこり,ECL_SEQUOIADUST
守護の光,ALL_RAY_OF_PROTECTION
マインドブラスター,MER_INVINCIBLEOFF2
ダーククロー,GC_DARKCROW
アンリミット,RA_UNLIMIT
キングスグレイス,LG_KINGS_GRACE
ウォータードラゴンブレス,RK_DRAGONBREATH_WATER
ラクスアニマ,RK_LUXANIMA
マグマイラプション,NC_MAGMA_ERUPTION
マグマイラプション,NC_MAGMA_ERUPTION_DOTDAMAGE
フリッグの歌,WM_FRIGG_SONG
エレメンタルシールド,SO_ELEMENTAL_SHIELD
閃光連撃,SR_FLASHCOMBO
エスケープ,SC_ESCAPE
オフェルトリウム,AB_OFFERTORIUM
テレキネシスインテンス,WL_TELEKINESIS_INTENSE
フルスロットル,ALL_FULL_THROTTLE
フルスロットル,EVT_FULL_THROTTLE
イリュージョンドーピング,GN_ILLUSIONDOPING
物理アイテム攻撃力最大化,GM_ITEM_ATKMAX
物理アイテム攻撃力最小化,GM_ITEM_ATKMIN
魔法アイテム攻撃力最大化,GM_ITEM_MATKMAX
魔法アイテム攻撃力最小化,GM_ITEM_MATKMIN
ニブルヘイムへの帰還,ALL_NIFLHEIM_RECALL
プロンテラへの帰還,ALL_PRONTERA_RECALL
リッチズコイン,RL_RICHS_COIN
マススパイラル,RL_MASS_SPIRAL
バインドトラップ,RL_B_TRAP
シャッターストーム,RL_S_STORM
スラッグショット,RL_SLUGSHOT
アンチマテリアルブラスト,RL_AM_BLAST
エターナルチェーン,RL_E_CHAIN
クイックドローショット,RL_QD_SHOT
クリムゾンマーカー,RL_C_MARKER
ファイアーレイン,RL_FIRE_RAIN
フォーリンエンジェル,RL_FALLEN_ANGEL
プラチナムアルター,RL_P_ALTER
フリッカー,RL_FLICKER
ハウリングマイン,RL_H_MINE
ヒートバレル,RL_HEAT_BARREL
グラストヘイムへの帰還,ALL_GLASTHEIM_RECALL
タナトスタワーへの帰還,ALL_THANATOS_RECALL
ラッシュアタック,NPC_POWERUP
アジリティアップ,NPC_AGIUP
ダークストライク,NPC_DARKSTRIKE
クリティカルスラッシュ,NPC_CRITICALSLASH
Mレイオブジェネシス,NPC_RAYOFGENESIS
Mサイキックウェーブ,NPC_PSYCHIC_WAVE
ワイドクリティカルウーンズ,NPC_WIDECRITICALWOUND
ダーククロス,NPC_DARKCROSS
リヒタルゼンへの帰還,ALL_LIGHTHALZEN_RECALL
ギルド倉庫拡張,GD_GUILD_STORAGE
ドラム基本スキル,SU_BASIC_SKILL
かみつく,SU_BITE
かくれる,SU_HIDE
ひっかく,SU_SCRATCH
うずくまる,SU_STOOP
ニャンジャンプ,SU_LOPE
にゃん魂,SU_SPRITEMABLE
ソウルアタック,SU_SOULATTACK
新鮮なエビ,SU_FRESHSHRIMP
エビ三昧,SU_BUNCHOFSHRIMP
大トロ,SU_TUNABELLY
マグロシールド,SU_TUNAPARTY
海の力,SU_POWEROFSEA
グルーミング,SU_GROOMING
のどを鳴らす,SU_PURRING
エビパーティー,SU_SHRIMPARTY
海の魂,SU_SPIRITOFSEA
マタタビランス,SU_SV_STEMSPEAR
マタタビの根っこ,SU_SV_ROOTTWIST
イヌハッカメテオ,SU_CN_METEOR
イヌハッカメテオ,SU_CN_METEOR2
イヌハッカシャワー,SU_CN_POWDERING
大地の力,SU_POWEROFLAND
チャタリング,SU_CHATTERING
ミャウミャウ,SU_MEOWMEOW
ニャングラス,SU_NYANGGRASS
大地の魂,SU_SPIRITOFLAND
ピッキ突き,SU_PICKYPECK
アクラウスダッシュ,SU_ARCLOUSEDASH
タロウの傷,SU_SCAROFTAROU
キャロットビート,SU_LUNATICCARROTBEAT
生命の力,SU_POWEROFLIFE
警戒,SU_HISS
群れの力,SU_POWEROFFLOCK
サベージの魂,SU_SVG_SPIRIT
生命の魂,SU_SPIRITOFLIFE
私達が一緒なら,WE_CALLALLFAMILY
永遠に続く私達の愛,WE_ONEFOREVER
ママ、パパ、頑張って,WE_CHEERUP
エンチャントブレイド,RK_ENCHANTBLADE
カウンタースラッシュ,GC_COUNTERSLASH
パワースイング,NC_POWERSWING
ソニックウェーブ,RK_SONICWAVE
ジュデックス,AB_JUDEX
フリージングスペル,WL_FREEZE_SP
トラップ研究,RA_RESEARCHTRAP
フェイントボム,SC_FEINTBOMB
修羅身弾,SR_KNUCKLEARROW
シールドプレス,LG_SHIELDPRESS
カートトルネード,GN_CART_TORNADO
ヴェラチュールスピアー,SO_VARETYR_SPEAR
スペルフィスト,SO_SPELLFIST
テトラボルテックス,WL_TETRAVORTEX
レイオブジェネシス,LG_RAYOFGENESIS
大纏崩捶,SR_FALLENEMPIRE
メタリックサウンド,WM_METALICSOUND
スポアエクスプロージョン,GN_SPORE_EXPLOSION
フェイタルメナス,SC_FATALMENACE
アームズキャノン,NC_ARMSCANNON
エイムドボルト,RA_AIMEDBOLT
レノヴァティオ,AB_RENOVATIO
ファイアーダンス,RL_FIREDANCE
ハンマーオブゴッド,RL_HAMMER_OF_GOD
ラウンドトリップ,RL_R_TRIP
ラウンドトリップ,RL_R_TRIP_PLUSATK
バニシングバスター,RL_BANISHING_BUSTER
ドラゴンテイル,RL_D_TAIL
十文字斬り,KO_JYUMONJIKIRI
風魔手裏剣 -乱華-,KO_HUUMARANKA
ブレイクスルー,NV_BREAKTHROUGH
天使さま助けて,NV_HELPANGEL
トランセンデンス,NV_TRANSCENDENCE
手裏剣投げ,NJ_SYURIKEN
苦無投げ,NJ_KUNAI
風魔手裏剣投げ,NJ_HUUMA
霞斬り,NJ_KASUMIKIRI
影斬り,NJ_KIRIKAGE
朔風,NJ_KAMAITACHI
オールステータスダウン,NPC_ALL_STAT_DOWN
グラデュアルグラビティ,NPC_GRADUAL_GRAVITY
デモニックマスブリーディング,NPC_WIDEBLEEDING2
デモニックマスサイレンス,NPC_WIDESILENCE2
デモニックマススタン,NPC_WIDESTUN2
デモニックマスストーン,NPC_WIDESTONE2
デモニックマススリープ,NPC_WIDESLEEP2
デモニックマスカース,NPC_WIDECURSE2
デモニックマスコンフューズ,NPC_WIDECONFUSE2
デモニックマスフリーズ,NPC_WIDEFREEZE2
デモニックブリーディング,NPC_BLEEDING2
デモニックアイスブレス,NPC_ICEBREATH2
デモニックイービルランド,NPC_EVILLAND2
デモニックヘルジャッジメント,NPC_HELLJUDGEMENT2
太陽と月と星の記録,SJ_DOCUMENT
太陽と月と星の浄化,SJ_PURIFY
太陽の構え,SJ_SUNSTANCE
紅焔脚,SJ_PROMINENCEKICK
太陽爆発,SJ_SOLARBURST
太陽の光,SJ_LIGHTOFSUN
月の構え,SJ_LUNARSTANCE
朔月脚,SJ_NEWMOONKICK
満月脚,SJ_FULLMOONKICK
月の光,SJ_LIGHTOFMOON
星の構え,SJ_STARSTANCE
閃光脚,SJ_FLASHKICK
流星落下,SJ_FALLINGSTAR
流星落下,SJ_FALLINGSTAR_ATK
流星落下,SJ_FALLINGSTAR_ATK2
星の光,SJ_LIGHTOFSTAR
宇宙の構え,SJ_UNIVERSESTANCE
重力調節,SJ_GRAVITYCONTROL
新星爆発,SJ_NOVAEXPLOSING
星帝降臨,SJ_STAREMPEROR
創星の書,SJ_BOOKOFCREATINGSTAR
次元の書,SJ_BOOKOFDIMENSION
エスハ,SP_SHA
エスパ,SP_SPA
エスフ,SP_SWHOO
カウト,SP_KAUTE
魂の蓄積,SP_SOULCOLLECT
魂の収穫,SP_SOULREAPER
魂の循環,SP_SOULREVOLVE
魂の連結,SP_SOULUNITY
ソウルエナジー研究,SP_SOULENERGY
死霊憑依,SP_SOULCURSE
死霊爆発,SP_CURSEEXPLOSION
魂の分裂,SP_SOULDIVISION
鷹の魂,SP_SOULFALCON
妖精の魂,SP_SOULFAIRY
影の魂,SP_SOULSHADOW
ゴーレムの魂,SP_SOULGOLEM
魂の崩壊,SP_SOULEXPLOSION
ストーンスキン,NPC_STONESKIN
露店代行サービス,ALL_ASSISTANT_VENDING
買取露店代行サービス,ALL_ASSISTANT_BUYING
Happy 20th Anniversary,All_EVENT_20TH_ANNIVERSARY
サーヴァントウェポン,DK_SERVANTWEAPON
サーヴァントウェポン,DK_SERVANTWEAPON_ATK
サーヴァントウェポン：サイン,DK_SERVANT_W_SIGN
サーヴァントウェポン：ファントム,DK_SERVANT_W_PHANTOM
サーヴァントウェポン：デモリッション,DK_SERVANT_W_DEMOL
チャージングピアース,DK_CHARGINGPIERCE
ツーハンドディフェンディング,DK_TWOHANDDEF
ハックアンドスラッシャー,DK_HACKANDSLASHER
ハックアンドスラッシャー,DK_HACKANDSLASHER_ATK
ドラゴニックオーラ,DK_DRAGONIC_AURA
マッドネスクラッシャー,DK_MADNESS_CRUSHER
ヴィゴール,DK_VIGOR
ストームスラッシュ,DK_STORMSLASH
デッドリープロジェクション,AG_DEADLY_PROJECTION
ディストラクティブハリケーン,AG_DESTRUCTIVE_HURRICANE
レインオブクリスタル,AG_RAIN_OF_CRYSTAL
ミステリーイリュージョン,AG_MYSTERY_ILLUSION
バイオレントクエイク,AG_VIOLENT_QUAKE
ソウルバルカンストライク,AG_SOUL_VC_STRIKE
ストラタムトレマー,AG_STRANTUM_TREMOR
オールブルーム,AG_ALL_BLOOM
クリスタルインパクト,AG_CRYSTAL_IMPACT
クリスタルインパクト,AG_CRYSTAL_IMPACT_ATK
トルネードストーム,AG_TORNADO_STORM
フローラルフレアロード,AG_FLORAL_FLARE_ROAD
クライマックス,AG_CLIMAX
アストラルストライク,AG_ASTRAL_STRIKE
ロックダウン,AG_ROCK_DOWN
ストームキャノン,AG_STORM_CANNON
クリムゾンアロー,AG_CRIMSON_ARROW
クリムゾンアロー,AG_CRIMSON_ARROW_ATK
フローズンスラッシュ,AG_FROZEN_SLASH
両手杖修練,AG_TWOHANDSTAFF
強靭な信念,IQ_POWERFUL_FAITH
堅固な信念,IQ_FIRM_FAITH
信仰の意志,IQ_WILL_OF_FAITH
聖油洗礼,IQ_OLEUM_SANCTUM
忠実な信念,IQ_SINCERE_FAITH
第一撃：烙印,IQ_FIRST_BRAND
第一章：信念の力,IQ_FIRST_FAITH_POWER
第三撃：断罪,IQ_THIRD_PUNISH
第三撃：滅火撃,IQ_THIRD_FLAME_BOMB
第三撃：浄化,IQ_THIRD_CONSECRATION
第二撃：滅魔の火,IQ_SECOND_FLAME
第二撃：信念,IQ_SECOND_FAITH
第二撃：審判,IQ_SECOND_JUDGEMENT
爆火神弾,IQ_EXPOSION_BLASTER
炎火滅魔神弾,IQ_MASSIVE_F_BLASTER
第二章：審判者,IQ_JUDGE
最終章：滅魔の炎,IQ_THIRD_EXOR_FLAME
ガードスタンス,IG_GUARD_STANCE
ガーディアンシールド,IG_GUARDIAN_SHIELD
リバウンドシールド,IG_REBOUND_SHIELD
盾修練,IG_SHIELD_MASTERY
槍＆片手剣修練,IG_SPEAR_SWORD_M
アタックスタンス,IG_ATTACK_STANCE
アルティメットサクリファイス,IG_ULTIMATE_SACRIFICE
ホーリーシールド,IG_HOLY_SHIELD
グランドジャッジメント,IG_GRAND_JUDGEMENT
ジャッジメントクロス,IG_JUDGEMENT_CROSS
シールドシューティング,IG_SHIELD_SHOOTING
オーバースラッシュ,IG_OVERSLASH
クロスレイン,IG_CROSS_RAIN
ダンシングナイフ,SHC_DANCING_KNIFE
サベージインパクト,SHC_SAVAGE_IMPACT
シャドウセンス,SHC_SHADOW_SENSE
エターナルスラッシュ,SHC_ETERNAL_SLASH
エンチャンティングシャドウ,SHC_ENCHANTING_SHADOW
ポテントベナム,SHC_POTENT_VENOM
シャドウエクシード,SHC_SHADOW_EXCEED
フェイタルシャドウクロー,SHC_FATAL_SHADOW_CROW
シャドウスタブ,SHC_SHADOW_STAB
インパクトクレーター,SHC_IMPACT_CRATER
レパラティオ,CD_REPARATIO
メディアリボトゥム,CD_MEDIALE_VOTUM
鈍器＆本修練,CD_MACE_BOOK_M
アルグトゥスヴィタ,CD_ARGUTUS_VITA
アルグトゥステルム,CD_ARGUTUS_TELUM
アルビトリウム,CD_ARBITRIUM
アルビトリウム,CD_ARBITRIUM_ATK
プレセンスアキエース,CD_PRESENS_ACIES
フィドスアニムス,CD_FIDUS_ANIMUS
エフィリゴ,CD_EFFLIGO
コンペテンティア,CD_COMPETENTIA
ニューマティックプロセラ,CD_PNEUMATICUS_PROCELLA
ディレクティオヒール,CD_DILECTIO_HEAL
レリギオ,CD_RELIGIO
ベネディクトゥム,CD_BENEDICTUM
ペティティオ,CD_PETITIO
フレーメン,CD_FRAMEN
バイオニックファーマシー,BO_BIONIC_PHARMACY
バイオニックスマスタリー,BO_BIONICS_M
ホールフルケミカルチャージ,BO_THE_WHOLE_PROTECTION
フルシャドウチャージ,BO_ADVANCE_PROTECTION
アシディファイドゾーン(水),BO_ACIDIFIED_ZONE_WATER
アシディファイドゾーン(水),BO_ACIDIFIED_ZONE_WATER_INSTALL_ON_GROUND
アシディファイドゾーン(地),BO_ACIDIFIED_ZONE_GROUND
アシディファイドゾーン(地),BO_ACIDIFIED_ZONE_GROUND_INSTALL_ON_GROUND
アシディファイドゾーン(火),BO_ACIDIFIED_ZONE_FIRE
アシディファイドゾーン(火),BO_ACIDIFIED_ZONE_FIRE_INSTALL_ON_GROUND
アシディファイドゾーン(風),BO_ACIDIFIED_ZONE_WIND
アシディファイドゾーン(風),BO_ACIDIFIED_ZONE_WIND_INSTALL_ON_GROUND
クリエイトウドゥンウォリアー,BO_WOODENWARRIOR
クリエイトウドゥンフェアリー,BO_WOODEN_FAIRY
クリエイトクリーパー,BO_CREEPER
リサーチレポート,BO_RESEARCHREPORT
クリエイトヘルツリー,BO_HELLTREE
アドバンスドトラップ,WH_ADVANCED_TRAP
ウィンドサイン,WH_WIND_SIGN
自然親和,WH_NATUREFRIENDLY
ホークラッシュ,WH_HAWKRUSH
ホークマスタリー,WH_HAWK_M
カラミティゲイル,WH_CALAMITYGALE
ホークブーメラン,WH_HAWKBOOMERANG
ゲイルストーム,WH_GALESTORM
ディープブラインドトラップ,WH_DEEPBLINDTRAP
ソリッドトラップ,WH_SOLIDTRAP
スイフトトラップ,WH_SWIFTTRAP
クレッシブボルト,WH_CRESCIVE_BOLT
フレイムトラップ,WH_FLAMETRAP
ステージマナー,TR_STAGE_MANNER
回想,TR_RETROSPECTION
ミスティックシンフォニー,TR_MYSTIC_SYMPHONY
ソナタオブクヴァシル,TR_KVASIR_SONATA
ロゼブロッサム,TR_ROSEBLOSSOM
ロゼブロッサム,TR_ROSEBLOSSOM_ATK
リズムシューティング,TR_RHYTHMSHOOTING
メタリックフューリー,TR_METALIC_FURY
サウンドブレンド,TR_SOUNDBLEND
ゲフェニアノクターン,TR_GEF_NOCTURN
ロキの気まぐれ,TR_ROKI_CAPRICCIO
鉱員のラプソディ,TR_AIN_RHAPSODY
ミュージカルインタールード,TR_MUSICAL_INTERLUDE
夕焼けのセレナーデ,TR_JAWAII_SERENADE
死者たちへのレクイエム,TR_NIPELHEIM_REQUIEM
プロンテラマーチ,TR_PRON_MARCH
短剣＆弓修練,ABC_DAGGER_AND_BOW_M
魔法剣修練,ABC_MAGIC_SWORD_M
ストリップシャドウ,ABC_STRIP_SHADOW
アビスダガー,ABC_ABYSS_DAGGER
アンラッキーラッシュ,ABC_UNLUCKY_RUSH
チェーンリアクションショット,ABC_CHAIN_REACTION_SHOT
フロムジアビス,ABC_FROM_THE_ABYSS
アビススレイヤー,ABC_ABYSS_SLAYER
オメガアビスストライク,ABC_ABYSS_STRIKE
デフトスタブ,ABC_DEFT_STAB
アビススクエア,ABC_ABYSS_SQUARE
フレンジショット,ABC_FRENZY_SHOT
アックスストンプ,MT_AXE_STOMP
ラッシュクエイク,MT_RUSH_QUAKE
装置製造,MT_M_MACHINE
攻撃装置有効化,MT_A_MACHINE
防御装置有効化,MT_D_MACHINE
ツーアックスディフェンディング,MT_TWOAXEDEF
ABRマスタリー,MT_ABR_M
ABR バトルウォリアー,MT_SUMMON_ABR_BATTLE_WARIOR
ABR デュアルキャノン,MT_SUMMON_ABR_DUAL_CANNON
ABR マザーネット,MT_SUMMON_ABR_MOTHER_NET
ABR インフィニティ,MT_SUMMON_ABR_INFINITY
デュアルキャノンファイアー,ABR_DUAL_CANNON_FIRE
バトルバスター,ABR_BATTLE_BUSTER
ネットリペア,ABR_NET_REPAIR
ネットサポート,ABR_NET_SUPPORT
インフィニティバスター,ABR_INFINITY_BUSTER
魔法本修練,EM_MAGIC_BOOK_M
スペルエンチャンティング,EM_SPELL_ENCHANTING
アクティビティバーン,EM_ACTIVITY_BURN
インクリーシングアクティビティ,EM_INCREASING_ACTIVITY
ダイヤモンドストーム,EM_DIAMOND_STORM
ライトニングランド,EM_LIGHTNING_LAND
ベナムスワンプ,EM_VENOM_SWAMP
コンフラグレーション,EM_CONFLAGRATION
テラドライブ,EM_TERRA_DRIVE
エレメンタルスピリットマスタリー,EM_ELEMENTAL_SPIRIT_M
サモンアルドール,EM_SUMMON_ELEMENTAL_ARDOR
サモンディルビオ,EM_SUMMON_ELEMENTAL_DILUVIO
サモンプロセラ,EM_SUMMON_ELEMENTAL_PROCELLA
サモンテレモトゥス,EM_SUMMON_ELEMENTAL_TERREMOTUS
サモンサーペンス,EM_SUMMON_ELEMENTAL_SERPENS
エレメンタルバスター,EM_ELEMENTAL_BUSTER
エレメンタルバスター,EM_ELEMENTAL_BUSTER_FIRE
エレメンタルバスター,EM_ELEMENTAL_BUSTER_WATER
エレメンタルバスター,EM_ELEMENTAL_BUSTER_WIND
エレメンタルバスター,EM_ELEMENTAL_BUSTER_GROUND
エレメンタルバスター,EM_ELEMENTAL_BUSTER_POISON
エレメンタルヴェール,EM_ELEMENTAL_VEIL
フレイムテクニック,EM_EL_FLAMETECHNIC
フレイムアーマー,EM_EL_FLAMEARMOR
フレイムロック,EM_EL_FLAMEROCK
コールドフォース,EM_EL_COLD_FORCE
クリスタルアーマー,EM_EL_CRYSTAL_ARMOR
エイジオブアイス,EM_EL_AGE_OF_ICE
グレイスブリーズ,EM_EL_GRACE_BREEZE
アイズオブストーム,EM_EL_EYES_OF_STORM
ストームウィンド,EM_EL_STORM_WIND
アースケア,EM_EL_EARTH_CARE
ストロングプロテクション,EM_EL_STRONG_PROTECTION
アバランチェ,EM_EL_AVALANCHE
ディープポイズニング,EM_EL_DEEP_POISONING
ポイズンシールド,EM_EL_POISON_SHIELD
デッドリーポイズン,EM_EL_DEADLY_POISON
アクティビティヒール,GM_AP_HEAL
ワイドデッドリーカース,NPC_DEADLYCURSE2
ケーンオブイビルアイ,NPC_CANE_OF_EVIL_EYE
キリングオーラ,NPC_KILLING_AURA
ドラゴニックブレス,DK_DRAGONIC_BREATH
スパークブラスター,MT_SPARK_BLASTER
トリプルレーザー,MT_TRIPLE_LASER
マイティスマッシュ,MT_MIGHTY_SMASH
エクスプロッシブパウダー,BO_EXPLOSIVE_POWDER
メイヘミックソーンズ,BO_MAYHEMIC_THORNS
天気修練,SKE_SKY_MASTERY
兵法修練,SKE_WAR_BOOK_MASTERY
天地一陽,SKE_RISING_SUN
太天一陽,SKE_NOON_BLAST
天陽,SKE_SUNSET_BLAST
天地一月,SKE_RISING_MOON
太天一月,SKE_MIDNIGHT_KICK
天月,SKE_DAWN_BREAK
天地万星,SKE_TWINKLING_GALAXY
天命落星,SKE_STAR_BURST
天星,SKE_STAR_CANNON
天羅万象,SKE_ALL_IN_THE_SKY
天気の身,SKE_ENCHANTING_SKY
護符修練,SOA_TALISMAN_MASTERY
霊道術修練,SOA_SOUL_MASTERY
守護符,SOA_TALISMAN_OF_PROTECTION
武士符,SOA_TALISMAN_OF_WARRIOR
法師符,SOA_TALISMAN_OF_MAGICIAN
護魂一身,SOA_SOUL_GATHERING
城隍堂,SOA_TOTEM_OF_TUTELARY
五行符,SOA_TALISMAN_OF_FIVE_ELEMENTS
霊道符,SOA_TALISMAN_OF_SOUL_STEALING
死霊浄化,SOA_EXORCISM_OF_MALICIOUS_SOUL
青龍符,SOA_TALISMAN_OF_BLUE_DRAGON
白虎符,SOA_TALISMAN_OF_WHITE_TIGER
朱雀符,SOA_TALISMAN_OF_RED_PHOENIX
玄武符,SOA_TALISMAN_OF_BLACK_TORTOISE
四方神符,SOA_TALISMAN_OF_FOUR_BEARING_GOD
四方五行陣,SOA_CIRCLE_OF_DIRECTIONS_AND_ELEMENTALS
天地神霊,SOA_SOUL_OF_HEAVEN_AND_EARTH
スピリットマスタリー,SH_MYSTICAL_CREATURE_MASTERY
にゃん友 -鉄虎-,SH_COMMUNE_WITH_CHUL_HO
タイガースラッシュ,SH_CHUL_HO_SONIC_CLAW
タイガーハウリング,SH_HOWLING_OF_CHUL_HO
タイガーストライク,SH_HOGOGONG_STRIKE
にゃん友 -亀設-,SH_COMMUNE_WITH_KI_SUL
タートルスプリンクラー,SH_KI_SUL_WATER_SPRAYING
マリンフェスティバル,SH_MARINE_FESTIVAL_OF_KI_SUL
サンドフェスティバル,SH_SANDY_FESTIVAL_OF_KI_SUL
タートルランページ,SH_KI_SUL_RAMPAGE
にゃん友 -賢鹿-,SH_COMMUNE_WITH_HYUN_ROK
レインボーホーン,SH_COLORS_OF_HYUN_ROK
ディアーブリーズ,SH_HYUN_ROKS_BREEZE
ディアーキャノン,SH_HYUN_ROK_CANNON
三霊一体,SH_TEMPORARY_COMMUNION
にゃんブレッシング,SH_BLESSING_OF_MYSTICAL_CREATURES
P.F.I,NW_P_F_I
グレネードマスタリー,NW_GRENADE_MASTERY
インテンシブエイム,NW_INTENSIVE_AIM
グレネードフラグメント,NW_GRENADE_FRAGMENT
ビジラントアットナイト,NW_THE_VIGILANTE_AT_NIGHT
ビジラントアットナイト,NW_THE_VIGILANTE_AT_NIGHT_GUN_SHOTGUN
ビジラントアットナイト,NW_THE_VIGILANTE_AT_NIGHT_GUN_GATLING
オンリーワンバレット,NW_ONLY_ONE_BULLET
スパイラルシューティング,NW_SPIRAL_SHOOTING
マガジンフォーワン,NW_MAGAZINE_FOR_ONE
ワイルドファイア,NW_WILD_FIRE
ベーシックグレネード,NW_BASIC_GRENADE
ヘイスティファイアインザホール,NW_HASTY_FIRE_IN_THE_HOLE
グレネーズドロッピング,NW_GRENADES_DROPPING
オートファイアリングランチャー,NW_AUTO_FIRING_LAUNCHER
ヒドゥンカード,NW_HIDDEN_CARD
ミッションボンバード,NW_MISSION_BOMBARD
独学 -戦闘学-,HN_SELFSTUDY_TATICS
独学 -魔導学-,HN_SELFSTUDY_SOCERY
ダブルボウリングバッシュ,HN_DOUBLEBOWLINGBASH
メガソニックブロー,HN_MEGA_SONIC_BLOW
シールドチェーンラッシュ,HN_SHIELD_CHAIN_RUSH
スパイラルピアースマックス,HN_SPIRAL_PIERCE_MAX
メテオストームバスター,HN_METEOR_STORM_BUSTER
ユピテルサンダーストーム,HN_JUPITEL_THUNDER_STORM
ジャックフロストノヴァ,HN_JACK_FROST_NOVA
ヘルズドライブ,HN_HELLS_DRIVE
グラウンドグラビテーション,HN_GROUND_GRAVITATION
ナパームバルカンストライク,HN_NAPALM_VULCAN_STRIKE
ブレイキングリミット,HN_BREAKINGLIMIT
ルールブレイク,HN_RULEBREAK
蜃気楼分身,SS_SHINKIROU
影溶き,SS_TOKEDASU
影潜り,SS_SHIMIRU
悪夢消し,SS_AKUMUKESU
影狩り,SS_KAGEGARI
影の舞,SS_KAGENOMAI
影一閃,SS_KAGEGISSEN
風魔手裏剣 -掌握-,SS_FUUMASHOUAKU
風魔手裏剣 -構築-,SS_FUUMAKOUCHIKU
苦無 -歪曲-,SS_KUNAIWAIKYOKU
苦無 -回転-,SS_KUNAIKAITEN
苦無 -屈折-,SS_KUNAIKUSSETSU
赤炎砲,SS_SEKIENHOU
冷血砲,SS_REIKETSUHOU
雷電砲,SS_RAIDENPOU
金龍砲,SS_KINRYUUHOU
暗転砲,SS_ANTENPOU
幻術 -影縫い-,SS_KAGEAKUMU
幻術 -苦無-,SS_HITOUAKUMU
幻術 -暗黒龍-,SS_ANKOKURYUUAKUMU
ピアーシングアタック,NPC_PIERCINGATT
メンタルブレイカー,NPC_MENTALBREAKER
レンジアタック,NPC_RANGEATTACK
アトリビュートチェンジ,NPC_ATTRICHANGE
チェンジウォーター,NPC_CHANGEWATER
チェンジグラウンド,NPC_CHANGEGROUND
チェンジファイアー,NPC_CHANGEFIRE
チェンジウィンド,NPC_CHANGEWIND
チェンジポイズン,NPC_CHANGEPOISON
チェンジホーリー,NPC_CHANGEHOLY
チェンジダークネス,NPC_CHANGEDARKNESS
チェンジテレキネシス,NPC_CHANGETELEKINESIS
コンボアタック,NPC_COMBOATTACK
ガイデッドアタック,NPC_GUIDEDATTACK
Mセルフディストラクション,NPC_SELFDESTRUCTION
スプラッシュアタック,NPC_SPLASHATTACK
自決,NPC_SUICIDE
ポイズンブロー,NPC_POISON
ブラインドアタック,NPC_BLINDATTACK
サイレンスアタック,NPC_SILENCEATTACK
スタンアタック,NPC_STUNATTACK
ペトリファイアタック,NPC_PETRIFYATTACK
カースアタック,NPC_CURSEATTACK
スリープアタック,NPC_SLEEPATTACK
ウォーターアタック,NPC_WATERATTACK
グラウンドアタック,NPC_GROUNDATTACK
ファイアーアタック,NPC_FIREATTACK
ウィンドアタック,NPC_WINDATTACK
ポイズンアタック,NPC_POISONATTACK
ホーリーアタック,NPC_HOLYATTACK
ダークネスアタック,NPC_DARKNESSATTACK
テレキネシスアタック,NPC_TELEKINESISATTACK
マジカルアタック,NPC_MAGICALATTACK
メタモルファシス,NPC_METAMORPHOSIS
プロボケイション,NPC_PROVOCATION
スモーキング,NPC_SMOKING
サモンスレイブ,NPC_SUMMONSLAVE
エモーション,NPC_EMOTION
ブラッドドレイン,NPC_BLOODDRAIN
エナジードレイン,NPC_ENERGYDRAIN
キーピング,NPC_KEEPING
ダークブレス,NPC_DARKBREATH
ダークブレッシング,NPC_DARKBLESSING
バリアー,NPC_BARRIER
Mディフェンダー,NPC_DEFENDER
リック,NPC_LICK
ハルシネ―ション,NPC_HALLUCINATION
リバース,NPC_REBIRTH
サモンモンスター,NPC_SUMMONMONSTER
Unknown-Skill,NPC_RANDOMMOVE
スピードアップ,NPC_SPEEDUP
リベンジ,NPC_REVENGE
グランドダークネス,NPC_GRANDDARKNESS
ダークサンダー,NPC_DARKTHUNDER
ホールドウェブ,NPC_STOP
ウェポンブレイカー,NPC_WEAPONBRAKER
ブレイクアーマー,NPC_ARMORBRAKE
ブレイクヘルム,NPC_HELMBRAKE
ブレイクシールド,NPC_SHIELDBRAKE
アンデッドアタック,NPC_UNDEADATTACK
チェンジアンデッドアタック,NPC_CHANGEUNDEAD
コールスレイブ,NPC_CALLSLAVE
インビジブル,NPC_INVISIBLE
逃走,NPC_RUN
モードチェンジ,NPC_EMOTION_ON
ファイアーブレス,NPC_FIREBREATH
アイスブレス,NPC_ICEBREATH
サンダーブレス,NPC_THUNDERBREATH
アシッドブレス,NPC_ACIDBREATH
ダークネスブレス,NPC_DARKNESSBREATH
ブリーディングアタック,NPC_BLEEDING
ワイドサイト,NPC_WIDESIGHT
イクスパルシオン,NPC_EXPULSION
モンスタートーク,NPC_TALK
ワイドヘルパワー,NPC_WIDEHELLDIGNITY
無敵化,NPC_INVINCIBLE
チェンジアンデッド,NPC_CHANGEUNDEAD2
ベナムフォグ,NPC_VENOMFOG
Mミレニアムシールド,NPC_MILLENNIUMSHIELD
Mコメット,NPC_COMET
アイスマイン,NPC_ICEMINE
フレイムクロス,NPC_FLAMECROSS
パルスストライクII,NPC_PULSESTRIKE2
ダンシングブレイド,NPC_DANCINGBLADE
ダークピアーシング,NPC_DARKPIERCING
マックスペイン,NPC_MAXPAIN
Mジャックフロスト,NPC_JACKFROST
ワイドウェブ,NPC_WIDEWEB
ワイドブラッド,NPC_WIDESUCK
Mストームガスト,NPC_STORMGUST2
ファイアストーム,NPC_FIRESTORM
M振動残響,NPC_REVERBERATION
Mレックスエーテルナ,NPC_LEX_AETERNA
Mアローストーム,NPC_ARROWSTORM
Mコルセオヒール,NPC_CHEAL
M呪縛陣,NPC_SR_CURSEDCIRCLE
Mドラゴンブレス,NPC_DRAGONBREATH
Mフェイタルメナス,NPC_FATALMENACE
Mマグマイラプション,NPC_MAGMA_ERUPTION
Mハウリングオブマンドラゴラ,NPC_MANDRAGORA
Mベナムインプレス,NPC_VENOMIMPRESS
Mクラウドキル,NPC_CLOUD_KILL
Mイグニッションブレイク,NPC_IGNITIONBREAK
Mファントムスラスト,NPC_PHANTOMTHRUST
Mポイズンバスター,NPC_POISON_BUSTER
Mハルシネ―ションウォーク,NPC_HALLUCINATIONWALK
Mエレクトリックウォーク,NPC_ELECTRICWALK
Mファイアーウォーク,NPC_FIREWALK
ワイドディスペル,NPC_WIDEDISPEL
デスハンド,NPC_LEASH
ワイドデスハンド,NPC_WIDELEASH
ダメージヒール,NPC_DAMAGE_HEAL
イミューンプロパティ,NPC_IMMUNE_PROPERTY
ポジションチェンジ,NPC_MOVE_COORDINATE
デモニックアシッドブレス,NPC_ACIDBREATH2
Mストリップシャドウ,NPC_STRIP_SHADOW
M夕陽のアサシンクロス,NPC_ASSASSINCROSS
M不協和音,NPC_DISSONANCE
M自分勝手なダンス,NPC_UGLYDANCE
スローロック,NPC_BO_THROWROCK
ウドゥンアタック,NPC_BO_WOODEN_ATTACK
ヘルハウリング,NPC_BO_HELL_HOWLING
ヘルダスティ,NPC_BO_HELL_DUSTY
フェアリーダスティ,NPC_BO_FAIRY_DUSTY